record_id,collection,record_type,authority_status,lifecycle,domains,name,family,path,file_count,size_bytes,claim_ceiling,scientific_outcome,quality_flags
library:jx-ultra-private-coupled-earth-moon-rigid-quadrupole-conservation-supplement-20260910,IMMUTABLE_LIBRARY,AUTHORITY_PACKAGE,AUTHORITY_CATALOGED,RETAINED,LUNAR_EARTH_MOON|LUNAR_OR_EARTH_MOON_DYNAMICS,jx-ultra-private-coupled-earth-moon-rigid-quadrupole-conservation-supplement-20260910,jx-ultra-private-coupled-earth-moon-rigid-quadrupole-conservation-supplement-20260910,../../library/jx-ultra-private-coupled-earth-moon-rigid-quadrupole-conservation-supplement-20260910,38,121519722,INFRA,Earth-Moon conservative rigid-quadrupole chassis passed,
library:jx-ultra-private-coupled-instantaneous-lunar-tidal-feedback-supplement-20260910,IMMUTABLE_LIBRARY,AUTHORITY_PACKAGE,AUTHORITY_CATALOGED,STOPPED,LUNAR_EARTH_MOON|LUNAR_OR_EARTH_MOON_DYNAMICS,jx-ultra-private-coupled-instantaneous-lunar-tidal-feedback-supplement-20260910,jx-ultra-private-coupled-instantaneous-lunar-tidal-feedback-supplement-20260910,../../library/jx-ultra-private-coupled-instantaneous-lunar-tidal-feedback-supplement-20260910,45,124801003,STOP,Mixed result; retain rigid coupled baseline and stop zero-lag feedback,
library:jx-ultra-private-coupled-sun-earth-moon-rigid-quadrupole-conservation-supplement-20260910,IMMUTABLE_LIBRARY,AUTHORITY_PACKAGE,AUTHORITY_CATALOGED,RETAINED,LUNAR_EARTH_MOON|LUNAR_OR_EARTH_MOON_DYNAMICS,jx-ultra-private-coupled-sun-earth-moon-rigid-quadrupole-conservation-supplement-20260910,jx-ultra-private-coupled-sun-earth-moon-rigid-quadrupole-conservation-supplement-20260910,../../library/jx-ultra-private-coupled-sun-earth-moon-rigid-quadrupole-conservation-supplement-20260910,44,121720139,INFRA,Sun-Earth-Moon conservative quadrupole chassis passed,
library:jx-ultra-private-cubic-solar-tidal-curvature-counterfactual-20260910,IMMUTABLE_LIBRARY,AUTHORITY_PACKAGE,AUTHORITY_CATALOGED,HISTORICAL,CAUSAL_COUNTERFACTUAL|SOLAR_SYSTEM_EPHEMERIS_RELATIVITY,jx-ultra-private-cubic-solar-tidal-curvature-counterfactual-20260910,jx-ultra-private-cubic-solar-tidal-curvature-counterfactual-20260910,../../library/jx-ultra-private-cubic-solar-tidal-curvature-counterfactual-20260910,22,10275476,DIAG,All registered relative-state cells improved; archive-only diagnostic with disclosed replacement gate,
library:jx-ultra-private-de440-earth-moon-geometry-gravity-gradient-shadow-stopped-supplement-20260910,IMMUTABLE_LIBRARY,AUTHORITY_PACKAGE,AUTHORITY_CATALOGED,STOPPED,LUNAR_EARTH_MOON|LUNAR_OR_EARTH_MOON_DYNAMICS|SOLAR_SYSTEM_EPHEMERIS_RELATIVITY,jx-ultra-private-de440-earth-moon-geometry-gravity-gradient-shadow-stopped-supplement-20260910,jx-ultra-private-de440-earth-moon-geometry-gravity-gradient-shadow-stopped-supplement-20260910,../../library/jx-ultra-private-de440-earth-moon-geometry-gravity-gradient-shadow-stopped-supplement-20260910,8,6354,STOP,Outcome gate failed before report; retain synthetic orbit feed,
library:jx-ultra-private-de440-outcome-gate-attribution-diagnostic-supplement-20260910,IMMUTABLE_LIBRARY,AUTHORITY_PACKAGE,AUTHORITY_CATALOGED,STOPPED,BOUNDED_RESEARCH_EVIDENCE|SOLAR_SYSTEM_EPHEMERIS_RELATIVITY,jx-ultra-private-de440-outcome-gate-attribution-diagnostic-supplement-20260910,jx-ultra-private-de440-outcome-gate-attribution-diagnostic-supplement-20260910,../../library/jx-ultra-private-de440-outcome-gate-attribution-diagnostic-supplement-20260910,36,33039932,STOP,Registered numerical or model gates failed; no model advancement,
library:jx-ultra-private-de440-velocity-state-propagation-heldout-supplement-20260910,IMMUTABLE_LIBRARY,AUTHORITY_PACKAGE,AUTHORITY_CATALOGED,RETAINED,BOUNDED_RESEARCH_EVIDENCE|SOLAR_SYSTEM_EPHEMERIS_RELATIVITY,jx-ultra-private-de440-velocity-state-propagation-heldout-supplement-20260910,jx-ultra-private-de440-velocity-state-propagation-heldout-supplement-20260910,../../library/jx-ultra-private-de440-velocity-state-propagation-heldout-supplement-20260910,50,85961207,INFRA,Held-out velocity-state propagation fix passed as shadow infrastructure,
library:jx-ultra-private-earth-moon-pair-to-sun-monopole-counterfactual-20260910,IMMUTABLE_LIBRARY,AUTHORITY_PACKAGE,AUTHORITY_CATALOGED,HISTORICAL,CAUSAL_COUNTERFACTUAL|LUNAR_EARTH_MOON|LUNAR_OR_EARTH_MOON_DYNAMICS,jx-ultra-private-earth-moon-pair-to-sun-monopole-counterfactual-20260910,jx-ultra-private-earth-moon-pair-to-sun-monopole-counterfactual-20260910,../../library/jx-ultra-private-earth-moon-pair-to-sun-monopole-counterfactual-20260910,16,10139175,DIAG,Finite-separation effect partially resolved; archive-only diagnostic,
library:jx-ultra-private-instantaneous-earth-tide-supplement-20260909,IMMUTABLE_LIBRARY,AUTHORITY_PACKAGE,AUTHORITY_CATALOGED,STOPPED,BOUNDED_RESEARCH_EVIDENCE|OTHER,jx-ultra-private-instantaneous-earth-tide-supplement-20260909,jx-ultra-private-instantaneous-earth-tide-supplement-20260909,../../library/jx-ultra-private-instantaneous-earth-tide-supplement-20260909,207,574545846,STOP,Mixed result; preserve private output and keep default off,
library:jx-ultra-private-linear-solar-tidal-gradient-counterfactual-20260910,IMMUTABLE_LIBRARY,AUTHORITY_PACKAGE,AUTHORITY_CATALOGED,HISTORICAL,CAUSAL_COUNTERFACTUAL|SOLAR_SYSTEM_EPHEMERIS_RELATIVITY,jx-ultra-private-linear-solar-tidal-gradient-counterfactual-20260910,jx-ultra-private-linear-solar-tidal-gradient-counterfactual-20260910,../../library/jx-ultra-private-linear-solar-tidal-gradient-counterfactual-20260910,16,10203867,DIAG,All registered relative-state cells improved; archive-only diagnostic,
library:jx-ultra-private-lunar-angular-velocity-deep-research-20260911,IMMUTABLE_LIBRARY,AUTHORITY_PACKAGE,AUTHORITY_CATALOGED,HISTORICAL,LUNAR_EARTH_MOON|LUNAR_OR_EARTH_MOON_DYNAMICS|SOURCE_AND_RESEARCH_SYNTHESIS,jx-ultra-private-lunar-angular-velocity-deep-research-20260911,jx-ultra-private-lunar-angular-velocity-deep-research-20260911,../../library/jx-ultra-private-lunar-angular-velocity-deep-research-20260911,6,44471,SOURCE,Research synthesis selected the later common-frame spectral and phase diagnostic,
library:jx-ultra-private-lunar-angular-velocity-spectral-phase-diagnostic-supplement-20260911,IMMUTABLE_LIBRARY,AUTHORITY_PACKAGE,AUTHORITY_CATALOGED,STOPPED,LUNAR_EARTH_MOON|LUNAR_OR_EARTH_MOON_DYNAMICS,jx-ultra-private-lunar-angular-velocity-spectral-phase-diagnostic-supplement-20260911,jx-ultra-private-lunar-angular-velocity-spectral-phase-diagnostic-supplement-20260911,../../library/jx-ultra-private-lunar-angular-velocity-spectral-phase-diagnostic-supplement-20260911,59,337731167,STOP,Valid diagnostic; no new lunar physics authorized,
library:jx-ultra-private-lunar-complete-coupled-rotation-source-closure-supplement-20260910,IMMUTABLE_LIBRARY,AUTHORITY_PACKAGE,AUTHORITY_CATALOGED,STOPPED,LUNAR_EARTH_MOON|LUNAR_OR_EARTH_MOON_DYNAMICS|SOURCE_AND_RESEARCH_SYNTHESIS,jx-ultra-private-lunar-complete-coupled-rotation-source-closure-supplement-20260910,jx-ultra-private-lunar-complete-coupled-rotation-source-closure-supplement-20260910,../../library/jx-ultra-private-lunar-complete-coupled-rotation-source-closure-supplement-20260910,70,50710035,STOP,Exact DE440-equivalent coupled implementation stopped for source closure gaps,
library:jx-ultra-private-lunar-complete-mantle-deformation-balance-diagnostic-supplement-20260911,IMMUTABLE_LIBRARY,AUTHORITY_PACKAGE,AUTHORITY_CATALOGED,STOPPED,LUNAR_EARTH_MOON|LUNAR_OR_EARTH_MOON_DYNAMICS,jx-ultra-private-lunar-complete-mantle-deformation-balance-diagnostic-supplement-20260911,jx-ultra-private-lunar-complete-mantle-deformation-balance-diagnostic-supplement-20260911,../../library/jx-ultra-private-lunar-complete-mantle-deformation-balance-diagnostic-supplement-20260911,52,138307090,STOP,Deformation-only explanation closed; core gate remains closed,
library:jx-ultra-private-lunar-coupled-core-endpoint-metric-resolution-oracle-calibration-20260912,IMMUTABLE_LIBRARY,AUTHORITY_PACKAGE,AUTHORITY_CATALOGED,SUPERSEDED,LUNAR_EARTH_MOON|LUNAR_OR_EARTH_MOON_DYNAMICS|NUMERICAL_ENDPOINT_AUDIT,jx-ultra-private-lunar-coupled-core-endpoint-metric-resolution-oracle-calibration-20260912,jx-ultra-private-lunar-coupled-core-endpoint-metric-resolution-oracle-calibration-20260912,../../library/jx-ultra-private-lunar-coupled-core-endpoint-metric-resolution-oracle-calibration-20260912,40,19195669,CUSTODY,Original calibration replaced by the exact-environment r2 chain,
library:jx-ultra-private-lunar-coupled-core-endpoint-metric-resolution-oracle-calibration-v1-stopped-environment-custody-20260912,IMMUTABLE_LIBRARY,AUTHORITY_PACKAGE,AUTHORITY_CATALOGED,STOPPED,LUNAR_EARTH_MOON|LUNAR_OR_EARTH_MOON_DYNAMICS|NUMERICAL_ENDPOINT_AUDIT,jx-ultra-private-lunar-coupled-core-endpoint-metric-resolution-oracle-calibration-v1-stopped-environment-custody-20260912,jx-ultra-private-lunar-coupled-core-endpoint-metric-resolution-oracle-calibration-v1-stopped-environment-custody-20260912,../../library/jx-ultra-private-lunar-coupled-core-endpoint-metric-resolution-oracle-calibration-v1-stopped-environment-custody-20260912,32,17518722,STOP,Quarantined environment and metadata defect; do not use,
library:jx-ultra-private-lunar-coupled-core-endpoint-metric-resolution-oracle-prereg-20260912,IMMUTABLE_LIBRARY,AUTHORITY_PACKAGE,AUTHORITY_CATALOGED,RETAINED,LUNAR_EARTH_MOON|LUNAR_OR_EARTH_MOON_DYNAMICS|NUMERICAL_ENDPOINT_AUDIT,jx-ultra-private-lunar-coupled-core-endpoint-metric-resolution-oracle-prereg-20260912,jx-ultra-private-lunar-coupled-core-endpoint-metric-resolution-oracle-prereg-20260912,../../library/jx-ultra-private-lunar-coupled-core-endpoint-metric-resolution-oracle-prereg-20260912,40,18669655,PLAN,Accepted base outcome-blind endpoint-oracle protocol; no oracle outcome,
library:jx-ultra-private-lunar-coupled-core-endpoint-metric-resolution-oracle-r2-calibration-20260912,IMMUTABLE_LIBRARY,AUTHORITY_PACKAGE,AUTHORITY_CATALOGED,RETAINED,LUNAR_EARTH_MOON|LUNAR_OR_EARTH_MOON_DYNAMICS|NUMERICAL_ENDPOINT_AUDIT,jx-ultra-private-lunar-coupled-core-endpoint-metric-resolution-oracle-r2-calibration-20260912,jx-ultra-private-lunar-coupled-core-endpoint-metric-resolution-oracle-r2-calibration-20260912,../../library/jx-ultra-private-lunar-coupled-core-endpoint-metric-resolution-oracle-r2-calibration-20260912,47,18246971,CUSTODY,R2 three-way bitwise calibration accepted; raw fields uninterpreted,
library:jx-ultra-private-lunar-coupled-core-endpoint-metric-resolution-oracle-r2-exact-environment-prereg-20260912,IMMUTABLE_LIBRARY,AUTHORITY_PACKAGE,AUTHORITY_CATALOGED,RETAINED,LUNAR_EARTH_MOON|LUNAR_OR_EARTH_MOON_DYNAMICS|NUMERICAL_ENDPOINT_AUDIT,jx-ultra-private-lunar-coupled-core-endpoint-metric-resolution-oracle-r2-exact-environment-prereg-20260912,jx-ultra-private-lunar-coupled-core-endpoint-metric-resolution-oracle-r2-exact-environment-prereg-20260912,../../library/jx-ultra-private-lunar-coupled-core-endpoint-metric-resolution-oracle-r2-exact-environment-prereg-20260912,58,18796675,PLAN,Frozen exact-environment launcher plan; no scientific oracle run,
library:jx-ultra-private-lunar-coupled-core-endpoint-metric-resolution-oracle-r2-final-20260912,IMMUTABLE_LIBRARY,AUTHORITY_PACKAGE,AUTHORITY_CATALOGED,RETAINED,LUNAR_EARTH_MOON|LUNAR_OR_EARTH_MOON_DYNAMICS|NUMERICAL_ENDPOINT_AUDIT,jx-ultra-private-lunar-coupled-core-endpoint-metric-resolution-oracle-r2-final-20260912,jx-ultra-private-lunar-coupled-core-endpoint-metric-resolution-oracle-r2-final-20260912,../../library/jx-ultra-private-lunar-coupled-core-endpoint-metric-resolution-oracle-r2-final-20260912,36,21210227,CUSTODY,Accepted raw final with two byte-identical reports; interpretation separate,
library:jx-ultra-private-lunar-coupled-core-endpoint-metric-resolution-oracle-r2-final-execution-prereg-20260912,IMMUTABLE_LIBRARY,AUTHORITY_PACKAGE,AUTHORITY_CATALOGED,RETAINED,LUNAR_EARTH_MOON|LUNAR_OR_EARTH_MOON_DYNAMICS|NUMERICAL_ENDPOINT_AUDIT,jx-ultra-private-lunar-coupled-core-endpoint-metric-resolution-oracle-r2-final-execution-prereg-20260912,jx-ultra-private-lunar-coupled-core-endpoint-metric-resolution-oracle-r2-final-execution-prereg-20260912,../../library/jx-ultra-private-lunar-coupled-core-endpoint-metric-resolution-oracle-r2-final-execution-prereg-20260912,74,18916627,PLAN,Frozen final execution contract; no final oracle outcome,
library:jx-ultra-private-lunar-coupled-core-endpoint-metric-resolution-oracle-r2-input-audit-confirmation-20260912,IMMUTABLE_LIBRARY,AUTHORITY_PACKAGE,AUTHORITY_CATALOGED,RETAINED,LUNAR_EARTH_MOON|LUNAR_OR_EARTH_MOON_DYNAMICS|NUMERICAL_ENDPOINT_AUDIT,jx-ultra-private-lunar-coupled-core-endpoint-metric-resolution-oracle-r2-input-audit-confirmation-20260912,jx-ultra-private-lunar-coupled-core-endpoint-metric-resolution-oracle-r2-input-audit-confirmation-20260912,../../library/jx-ultra-private-lunar-coupled-core-endpoint-metric-resolution-oracle-r2-input-audit-confirmation-20260912,40,17623453,CUSTODY,Input-only audits confirmed at capture; package metadata retained its pending-independent-audit state; no physics result,
library:jx-ultra-private-lunar-coupled-core-endpoint-metric-resolution-oracle-r2-interpretation-20260912,IMMUTABLE_LIBRARY,AUTHORITY_PACKAGE,AUTHORITY_CATALOGED,STOPPED,LUNAR_EARTH_MOON|LUNAR_OR_EARTH_MOON_DYNAMICS|NUMERICAL_ENDPOINT_AUDIT,jx-ultra-private-lunar-coupled-core-endpoint-metric-resolution-oracle-r2-interpretation-20260912,jx-ultra-private-lunar-coupled-core-endpoint-metric-resolution-oracle-r2-interpretation-20260912,../../library/jx-ultra-private-lunar-coupled-core-endpoint-metric-resolution-oracle-r2-interpretation-20260912,14,209061,ENDPOINT,Endpoint result inconclusive; no numerical follow-on authorized,
library:jx-ultra-private-lunar-coupled-core-endpoint-metric-resolution-oracle-r2-postfreeze-final-contract-input-audit-confirmation-20260912,IMMUTABLE_LIBRARY,AUTHORITY_PACKAGE,AUTHORITY_CATALOGED,RETAINED,LUNAR_EARTH_MOON|LUNAR_OR_EARTH_MOON_DYNAMICS|NUMERICAL_ENDPOINT_AUDIT,jx-ultra-private-lunar-coupled-core-endpoint-metric-resolution-oracle-r2-postfreeze-final-contract-input-audit-confirmation-20260912,jx-ultra-private-lunar-coupled-core-endpoint-metric-resolution-oracle-r2-postfreeze-final-contract-input-audit-confirmation-20260912,../../library/jx-ultra-private-lunar-coupled-core-endpoint-metric-resolution-oracle-r2-postfreeze-final-contract-input-audit-confirmation-20260912,72,18971899,CUSTODY,Paired final-contract input audits confirmed at capture; package metadata retained its pending-independent-audit state; no scientific outcome,
library:jx-ultra-private-lunar-delaunay-anomalistic-phase-confirmation-supplement-20260911,IMMUTABLE_LIBRARY,AUTHORITY_PACKAGE,AUTHORITY_CATALOGED,STOPPED,LUNAR_EARTH_MOON|LUNAR_OR_EARTH_MOON_DYNAMICS,jx-ultra-private-lunar-delaunay-anomalistic-phase-confirmation-supplement-20260911,jx-ultra-private-lunar-delaunay-anomalistic-phase-confirmation-supplement-20260911,../../library/jx-ultra-private-lunar-delaunay-anomalistic-phase-confirmation-supplement-20260911,40,105990781,STOP,Anomalistic phase did not outperform the fixed clock across the roster,
library:jx-ultra-private-lunar-earth-sun-geometry-alignment-diagnostic-supplement-20260911,IMMUTABLE_LIBRARY,AUTHORITY_PACKAGE,AUTHORITY_CATALOGED,STOPPED,LUNAR_EARTH_MOON|LUNAR_OR_EARTH_MOON_DYNAMICS,jx-ultra-private-lunar-earth-sun-geometry-alignment-diagnostic-supplement-20260911,jx-ultra-private-lunar-earth-sun-geometry-alignment-diagnostic-supplement-20260911,../../library/jx-ultra-private-lunar-earth-sun-geometry-alignment-diagnostic-supplement-20260911,54,368192393,STOP,Alignment helped some blocks but failed temporal confirmation,
library:jx-ultra-private-lunar-exact-constituent-projection-diagnostic-supplement-20260911,IMMUTABLE_LIBRARY,AUTHORITY_PACKAGE,AUTHORITY_CATALOGED,SUPERSEDED,LUNAR_EARTH_MOON|LUNAR_OR_EARTH_MOON_DYNAMICS,jx-ultra-private-lunar-exact-constituent-projection-diagnostic-supplement-20260911,jx-ultra-private-lunar-exact-constituent-projection-diagnostic-supplement-20260911,../../library/jx-ultra-private-lunar-exact-constituent-projection-diagnostic-supplement-20260911,31,30798450,STOP,Version 1 replaced by r2; route consumers to r2,
library:jx-ultra-private-lunar-exact-constituent-projection-diagnostic-supplement-r2-20260911,IMMUTABLE_LIBRARY,AUTHORITY_PACKAGE,AUTHORITY_CATALOGED,STOPPED,LUNAR_EARTH_MOON|LUNAR_OR_EARTH_MOON_DYNAMICS,jx-ultra-private-lunar-exact-constituent-projection-diagnostic-supplement-r2-20260911,jx-ultra-private-lunar-exact-constituent-projection-diagnostic-supplement-r2-20260911,../../library/jx-ultra-private-lunar-exact-constituent-projection-diagnostic-supplement-r2-20260911,32,30800750,STOP,Exact monthly constituent structure not cross-half confirmed,
library:jx-ultra-private-lunar-extended-earth-figure-torque-input-screen-supplement-20260910,IMMUTABLE_LIBRARY,AUTHORITY_PACKAGE,AUTHORITY_CATALOGED,STOPPED,LUNAR_EARTH_MOON|LUNAR_OR_EARTH_MOON_DYNAMICS,jx-ultra-private-lunar-extended-earth-figure-torque-input-screen-supplement-20260910,jx-ultra-private-lunar-extended-earth-figure-torque-input-screen-supplement-20260910,../../library/jx-ultra-private-lunar-extended-earth-figure-torque-input-screen-supplement-20260910,59,194212009,STOP,Input screen stopped the branch; retain rigid Earth-only baseline,
library:jx-ultra-private-lunar-final-supplement-20260908,IMMUTABLE_LIBRARY,AUTHORITY_PACKAGE,AUTHORITY_CATALOGED,RETAINED,LUNAR_EARTH_MOON|LUNAR_OR_EARTH_MOON_DYNAMICS,jx-ultra-private-lunar-final-supplement-20260908,jx-ultra-private-lunar-final-supplement-20260908,../../library/jx-ultra-private-lunar-final-supplement-20260908,25,64823870,FIXTURE,Completed spin-distortion result; no resolved change in all registered cells,
library:jx-ultra-private-lunar-geodetic-precession-residual-screen-supplement-20260911,IMMUTABLE_LIBRARY,AUTHORITY_PACKAGE,AUTHORITY_CATALOGED,STOPPED,LUNAR_EARTH_MOON|LUNAR_OR_EARTH_MOON_DYNAMICS,jx-ultra-private-lunar-geodetic-precession-residual-screen-supplement-20260911,jx-ultra-private-lunar-geodetic-precession-residual-screen-supplement-20260911,../../library/jx-ultra-private-lunar-geodetic-precession-residual-screen-supplement-20260911,51,134164165,STOP,Isolated geodetic-precession correction unsupported,
library:jx-ultra-private-lunar-geometry-coefficient-drift-diagnostic-supplement-20260911,IMMUTABLE_LIBRARY,AUTHORITY_PACKAGE,AUTHORITY_CATALOGED,STOPPED,LUNAR_EARTH_MOON|LUNAR_OR_EARTH_MOON_DYNAMICS,jx-ultra-private-lunar-geometry-coefficient-drift-diagnostic-supplement-20260911,jx-ultra-private-lunar-geometry-coefficient-drift-diagnostic-supplement-20260911,../../library/jx-ultra-private-lunar-geometry-coefficient-drift-diagnostic-supplement-20260911,34,125833698,STOP,No unique stable geometry-drift relation,
library:jx-ultra-private-lunar-gpu-endpoint-witness-search-v1-20260913,IMMUTABLE_LIBRARY,AUTHORITY_PACKAGE,AUTHORITY_CATALOGED,CURRENT,GPU_CUDA|LUNAR_EARTH_MOON|LUNAR_OR_EARTH_MOON_DYNAMICS|NUMERICAL_ENDPOINT_AUDIT,jx-ultra-private-lunar-gpu-endpoint-witness-search-v1-20260913,jx-ultra-private-lunar-gpu-endpoint-witness-search-v1-20260913,../../library/jx-ultra-private-lunar-gpu-endpoint-witness-search-v1-20260913,17,4460120,PRIVATE_ENDPOINT,Latest accepted endpoint evidence; three certified ambiguous gates; physical outcome UNDECIDED,
library:jx-ultra-private-lunar-instantaneous-tidal-inertia-increment-supplement-20260910,IMMUTABLE_LIBRARY,AUTHORITY_PACKAGE,AUTHORITY_CATALOGED,STOPPED,LUNAR_EARTH_MOON|LUNAR_OR_EARTH_MOON_DYNAMICS,jx-ultra-private-lunar-instantaneous-tidal-inertia-increment-supplement-20260910,jx-ultra-private-lunar-instantaneous-tidal-inertia-increment-supplement-20260910,../../library/jx-ultra-private-lunar-instantaneous-tidal-inertia-increment-supplement-20260910,82,514677472,STOP,One improvement and two worsenings; reject zero-lag inertia increment,
library:jx-ultra-private-lunar-mantle-core-source-acquisition-update-supplement-20260910,IMMUTABLE_LIBRARY,AUTHORITY_PACKAGE,AUTHORITY_CATALOGED,STOPPED,LUNAR_EARTH_MOON|LUNAR_OR_EARTH_MOON_DYNAMICS|SOURCE_AND_RESEARCH_SYNTHESIS,jx-ultra-private-lunar-mantle-core-source-acquisition-update-supplement-20260910,jx-ultra-private-lunar-mantle-core-source-acquisition-update-supplement-20260910,../../library/jx-ultra-private-lunar-mantle-core-source-acquisition-update-supplement-20260910,19,27469696,STOP,Full mantle-core implementation blocked by generator and source gaps,
library:jx-ultra-private-lunar-mantle-core-source-closure-diagnostic-supplement-20260910,IMMUTABLE_LIBRARY,AUTHORITY_PACKAGE,AUTHORITY_CATALOGED,STOPPED,LUNAR_EARTH_MOON|LUNAR_OR_EARTH_MOON_DYNAMICS|SOURCE_AND_RESEARCH_SYNTHESIS,jx-ultra-private-lunar-mantle-core-source-closure-diagnostic-supplement-20260910,jx-ultra-private-lunar-mantle-core-source-closure-diagnostic-supplement-20260910,../../library/jx-ultra-private-lunar-mantle-core-source-closure-diagnostic-supplement-20260910,31,120902056,STOP,Implementation blocked by missing rotational history and conventions,
library:jx-ultra-private-lunar-oblate-core-coupling-occam-stopped-supplement-20260910,IMMUTABLE_LIBRARY,AUTHORITY_PACKAGE,AUTHORITY_CATALOGED,STOPPED,LUNAR_EARTH_MOON|LUNAR_OR_EARTH_MOON_DYNAMICS,jx-ultra-private-lunar-oblate-core-coupling-occam-stopped-supplement-20260910,jx-ultra-private-lunar-oblate-core-coupling-occam-stopped-supplement-20260910,../../library/jx-ultra-private-lunar-oblate-core-coupling-occam-stopped-supplement-20260910,60,299266196,STOP,Approximate oblate-core branch worsened the registered roster overall,
library:jx-ultra-private-lunar-pa-motion-ablation-supplement-20260909,IMMUTABLE_LIBRARY,AUTHORITY_PACKAGE,AUTHORITY_CATALOGED,STOPPED,LUNAR_EARTH_MOON|LUNAR_OR_EARTH_MOON_DYNAMICS,jx-ultra-private-lunar-pa-motion-ablation-supplement-20260909,jx-ultra-private-lunar-pa-motion-ablation-supplement-20260909,../../library/jx-ultra-private-lunar-pa-motion-ablation-supplement-20260909,221,556476617,STOP,Mixed result; uniform-spin surrogate retained,
library:jx-ultra-private-lunar-pa-motion-heldout-confirmation-stopped-supplement-20260910,IMMUTABLE_LIBRARY,AUTHORITY_PACKAGE,AUTHORITY_CATALOGED,STOPPED,LUNAR_EARTH_MOON|LUNAR_OR_EARTH_MOON_DYNAMICS,jx-ultra-private-lunar-pa-motion-heldout-confirmation-stopped-supplement-20260910,jx-ultra-private-lunar-pa-motion-heldout-confirmation-stopped-supplement-20260910,../../library/jx-ultra-private-lunar-pa-motion-heldout-confirmation-stopped-supplement-20260910,137,696395033,STOP,Incomplete calibration; preliminary only; no classification claim,
library:jx-ultra-private-lunar-pa-quaternion-kinematic-replay-null-supplement-20260910,IMMUTABLE_LIBRARY,AUTHORITY_PACKAGE,AUTHORITY_CATALOGED,RETAINED,LUNAR_EARTH_MOON|LUNAR_OR_EARTH_MOON_DYNAMICS,jx-ultra-private-lunar-pa-quaternion-kinematic-replay-null-supplement-20260910,jx-ultra-private-lunar-pa-quaternion-kinematic-replay-null-supplement-20260910,../../library/jx-ultra-private-lunar-pa-quaternion-kinematic-replay-null-supplement-20260910,25,286638028,INFRA,PCK quaternion kinematic replay passed as shadow foundation,
library:jx-ultra-private-lunar-pa-tangent-constant-rate-baseline-diagnostic-supplement-20260910,IMMUTABLE_LIBRARY,AUTHORITY_PACKAGE,AUTHORITY_CATALOGED,RETAINED,LUNAR_EARTH_MOON|LUNAR_OR_EARTH_MOON_DYNAMICS,jx-ultra-private-lunar-pa-tangent-constant-rate-baseline-diagnostic-supplement-20260910,jx-ultra-private-lunar-pa-tangent-constant-rate-baseline-diagnostic-supplement-20260910,../../library/jx-ultra-private-lunar-pa-tangent-constant-rate-baseline-diagnostic-supplement-20260910,24,67964385,DIAG,Baseline diagnostic permitted a separately preregistered torque test,
library:jx-ultra-private-lunar-reference-forced-core-residual-confirmation-final-20260911,IMMUTABLE_LIBRARY,AUTHORITY_PACKAGE,AUTHORITY_CATALOGED,STOPPED,LUNAR_EARTH_MOON|LUNAR_OR_EARTH_MOON_DYNAMICS,jx-ultra-private-lunar-reference-forced-core-residual-confirmation-final-20260911,jx-ultra-private-lunar-reference-forced-core-residual-confirmation-final-20260911,../../library/jx-ultra-private-lunar-reference-forced-core-residual-confirmation-final-20260911,28,300507472,STOP,Isolated reference-forced core residual unsupported; branch closed,
library:jx-ultra-private-lunar-reference-orbit-coupled-mantle-core-calibration-attempt-a-stopped-convergence-supplement-20260912,IMMUTABLE_LIBRARY,AUTHORITY_PACKAGE,AUTHORITY_CATALOGED,STOPPED,LUNAR_EARTH_MOON|LUNAR_OR_EARTH_MOON_DYNAMICS|NUMERICAL_ENDPOINT_AUDIT,jx-ultra-private-lunar-reference-orbit-coupled-mantle-core-calibration-attempt-a-stopped-convergence-supplement-20260912,jx-ultra-private-lunar-reference-orbit-coupled-mantle-core-calibration-attempt-a-stopped-convergence-supplement-20260912,../../library/jx-ultra-private-lunar-reference-orbit-coupled-mantle-core-calibration-attempt-a-stopped-convergence-supplement-20260912,55,283844346,STOP,Three-level convergence gate failed before physical classification,
library:jx-ultra-private-lunar-reference-orbit-coupled-mantle-core-convergence-localization-calibration-20260912,IMMUTABLE_LIBRARY,AUTHORITY_PACKAGE,AUTHORITY_CATALOGED,RETAINED,LUNAR_EARTH_MOON|LUNAR_OR_EARTH_MOON_DYNAMICS|NUMERICAL_ENDPOINT_AUDIT,jx-ultra-private-lunar-reference-orbit-coupled-mantle-core-convergence-localization-calibration-20260912,jx-ultra-private-lunar-reference-orbit-coupled-mantle-core-convergence-localization-calibration-20260912,../../library/jx-ultra-private-lunar-reference-orbit-coupled-mantle-core-convergence-localization-calibration-20260912,30,17477401,CUSTODY,Accepted numerical localization calibration; physics remained UNDECIDED,
library:jx-ultra-private-lunar-reference-orbit-coupled-mantle-core-convergence-localization-final-20260912,IMMUTABLE_LIBRARY,AUTHORITY_PACKAGE,AUTHORITY_CATALOGED,RETAINED,LUNAR_EARTH_MOON|LUNAR_OR_EARTH_MOON_DYNAMICS|NUMERICAL_ENDPOINT_AUDIT,jx-ultra-private-lunar-reference-orbit-coupled-mantle-core-convergence-localization-final-20260912,jx-ultra-private-lunar-reference-orbit-coupled-mantle-core-convergence-localization-final-20260912,../../library/jx-ultra-private-lunar-reference-orbit-coupled-mantle-core-convergence-localization-final-20260912,29,17427314,CUSTODY,Accepted raw localization final; interpretation separate,
library:jx-ultra-private-lunar-reference-orbit-coupled-mantle-core-convergence-localization-interpretation-20260912,IMMUTABLE_LIBRARY,AUTHORITY_PACKAGE,AUTHORITY_CATALOGED,RETAINED,LUNAR_EARTH_MOON|LUNAR_OR_EARTH_MOON_DYNAMICS|NUMERICAL_ENDPOINT_AUDIT,jx-ultra-private-lunar-reference-orbit-coupled-mantle-core-convergence-localization-interpretation-20260912,jx-ultra-private-lunar-reference-orbit-coupled-mantle-core-convergence-localization-interpretation-20260912,../../library/jx-ultra-private-lunar-reference-orbit-coupled-mantle-core-convergence-localization-interpretation-20260912,13,24046,DIAG,Shared control-candidate numerical failure pattern; physics UNDECIDED,
library:jx-ultra-private-lunar-reference-orbit-coupled-mantle-core-convergence-localization-prereg-20260912,IMMUTABLE_LIBRARY,AUTHORITY_PACKAGE,AUTHORITY_CATALOGED,SUPERSEDED,LUNAR_EARTH_MOON|LUNAR_OR_EARTH_MOON_DYNAMICS|NUMERICAL_ENDPOINT_AUDIT,jx-ultra-private-lunar-reference-orbit-coupled-mantle-core-convergence-localization-prereg-20260912,jx-ultra-private-lunar-reference-orbit-coupled-mantle-core-convergence-localization-prereg-20260912,../../library/jx-ultra-private-lunar-reference-orbit-coupled-mantle-core-convergence-localization-prereg-20260912,21,17377423,PLAN,Version 1 library rejected for checksum coverage; replaced by r2,
library:jx-ultra-private-lunar-reference-orbit-coupled-mantle-core-convergence-localization-prereg-r2-20260912,IMMUTABLE_LIBRARY,AUTHORITY_PACKAGE,AUTHORITY_CATALOGED,RETAINED,LUNAR_EARTH_MOON|LUNAR_OR_EARTH_MOON_DYNAMICS|NUMERICAL_ENDPOINT_AUDIT,jx-ultra-private-lunar-reference-orbit-coupled-mantle-core-convergence-localization-prereg-r2-20260912,jx-ultra-private-lunar-reference-orbit-coupled-mantle-core-convergence-localization-prereg-r2-20260912,../../library/jx-ultra-private-lunar-reference-orbit-coupled-mantle-core-convergence-localization-prereg-r2-20260912,22,17382175,PLAN,Accepted corrected outcome-blind localization plan,
library:jx-ultra-private-lunar-reference-orbit-coupled-mantle-core-generator-prereg-20260912,IMMUTABLE_LIBRARY,AUTHORITY_PACKAGE,AUTHORITY_CATALOGED,RETAINED,LUNAR_EARTH_MOON|LUNAR_OR_EARTH_MOON_DYNAMICS,jx-ultra-private-lunar-reference-orbit-coupled-mantle-core-generator-prereg-20260912,jx-ultra-private-lunar-reference-orbit-coupled-mantle-core-generator-prereg-20260912,../../library/jx-ultra-private-lunar-reference-orbit-coupled-mantle-core-generator-prereg-20260912,42,135535489,PLAN,Outcome-blind generator inputs frozen; no outcome,
library:jx-ultra-private-lunar-rigid-earth-sun-torque-heldout-confirmation-supplement-20260910,IMMUTABLE_LIBRARY,AUTHORITY_PACKAGE,AUTHORITY_CATALOGED,STOPPED,LUNAR_EARTH_MOON|LUNAR_OR_EARTH_MOON_DYNAMICS,jx-ultra-private-lunar-rigid-earth-sun-torque-heldout-confirmation-supplement-20260910,jx-ultra-private-lunar-rigid-earth-sun-torque-heldout-confirmation-supplement-20260910,../../library/jx-ultra-private-lunar-rigid-earth-sun-torque-heldout-confirmation-supplement-20260910,79,165748929,STOP,Held-out result mixed; solar increment not generalized,
library:jx-ultra-private-lunar-rigid-earth-sun-torque-heldout-metric-diagnostic-common-frame-correction-supplement-20260910,IMMUTABLE_LIBRARY,AUTHORITY_PACKAGE,AUTHORITY_CATALOGED,SUPERSEDED,LUNAR_EARTH_MOON|LUNAR_OR_EARTH_MOON_DYNAMICS,jx-ultra-private-lunar-rigid-earth-sun-torque-heldout-metric-diagnostic-common-frame-correction-supplement-20260910,jx-ultra-private-lunar-rigid-earth-sun-torque-heldout-metric-diagnostic-common-frame-correction-supplement-20260910,../../library/jx-ultra-private-lunar-rigid-earth-sun-torque-heldout-metric-diagnostic-common-frame-correction-supplement-20260910,34,98131939,CUSTODY,Packaging-only version 1 replaced by r2,
library:jx-ultra-private-lunar-rigid-earth-sun-torque-heldout-metric-diagnostic-common-frame-correction-supplement-r2-20260910,IMMUTABLE_LIBRARY,AUTHORITY_PACKAGE,AUTHORITY_CATALOGED,RETAINED,LUNAR_EARTH_MOON|LUNAR_OR_EARTH_MOON_DYNAMICS,jx-ultra-private-lunar-rigid-earth-sun-torque-heldout-metric-diagnostic-common-frame-correction-supplement-r2-20260910,jx-ultra-private-lunar-rigid-earth-sun-torque-heldout-metric-diagnostic-common-frame-correction-supplement-r2-20260910,../../library/jx-ultra-private-lunar-rigid-earth-sun-torque-heldout-metric-diagnostic-common-frame-correction-supplement-r2-20260910,37,195242486,DIAG,Corrected common-frame endpoint diagnostic retained; source stop unchanged,
library:jx-ultra-private-lunar-rigid-earth-sun-torque-heldout-metric-diagnostic-supplement-20260910,IMMUTABLE_LIBRARY,AUTHORITY_PACKAGE,AUTHORITY_CATALOGED,SUPERSEDED,LUNAR_EARTH_MOON|LUNAR_OR_EARTH_MOON_DYNAMICS,jx-ultra-private-lunar-rigid-earth-sun-torque-heldout-metric-diagnostic-supplement-20260910,jx-ultra-private-lunar-rigid-earth-sun-torque-heldout-metric-diagnostic-supplement-20260910,../../library/jx-ultra-private-lunar-rigid-earth-sun-torque-heldout-metric-diagnostic-supplement-20260910,32,49572067,DIAG,Original body-frame angular-velocity subsection replaced; angle values retained,
library:jx-ultra-private-lunar-rigid-earth-sun-torque-increment-supplement-20260910,IMMUTABLE_LIBRARY,AUTHORITY_PACKAGE,AUTHORITY_CATALOGED,HISTORICAL,LUNAR_EARTH_MOON|LUNAR_OR_EARTH_MOON_DYNAMICS,jx-ultra-private-lunar-rigid-earth-sun-torque-increment-supplement-20260910,jx-ultra-private-lunar-rigid-earth-sun-torque-increment-supplement-20260910,../../library/jx-ultra-private-lunar-rigid-earth-sun-torque-increment-supplement-20260910,79,514417033,FIXTURE,Pilot improved three orientation horizons; later held-out test blocked generalization,
library:jx-ultra-private-lunar-rigid-earth-torque-feasibility-supplement-20260910,IMMUTABLE_LIBRARY,AUTHORITY_PACKAGE,AUTHORITY_CATALOGED,RETAINED,LUNAR_EARTH_MOON|LUNAR_OR_EARTH_MOON_DYNAMICS,jx-ultra-private-lunar-rigid-earth-torque-feasibility-supplement-20260910,jx-ultra-private-lunar-rigid-earth-torque-feasibility-supplement-20260910,../../library/jx-ultra-private-lunar-rigid-earth-torque-feasibility-supplement-20260910,80,785662721,FIXTURE,Earth point-mass rigid torque feasibility passed all three horizons,
library:jx-ultra-private-lunar-rotation-foundation-design-note-20260910,IMMUTABLE_LIBRARY,AUTHORITY_PACKAGE,AUTHORITY_CATALOGED,HISTORICAL,LUNAR_EARTH_MOON|LUNAR_OR_EARTH_MOON_DYNAMICS,jx-ultra-private-lunar-rotation-foundation-design-note-20260910,jx-ultra-private-lunar-rotation-foundation-design-note-20260910,../../library/jx-ultra-private-lunar-rotation-foundation-design-note-20260910,6,11275,PLAN,Proposal only; unvalidated; later work required preregistration,
library:jx-ultra-private-lunar-rotation-interval-01-completed-20260912,IMMUTABLE_LIBRARY,AUTHORITY_PACKAGE,AUTHORITY_CATALOGED,RETAINED,LUNAR_EARTH_MOON|LUNAR_OR_EARTH_MOON_DYNAMICS|NUMERICAL_ENDPOINT_AUDIT,jx-ultra-private-lunar-rotation-interval-01-completed-20260912,jx-ultra-private-lunar-rotation-interval-01-completed-20260912,../../library/jx-ultra-private-lunar-rotation-interval-01-completed-20260912,19,4242633,ENDPOINT,Inconclusive interval result with a certified opposite-decision ambiguity; physics UNDECIDED,
library:jx-ultra-private-lunar-rotation-interval-01-stopped-after-manifest-20260912,IMMUTABLE_LIBRARY,AUTHORITY_PACKAGE,AUTHORITY_CATALOGED,SUPERSEDED,LUNAR_EARTH_MOON|LUNAR_OR_EARTH_MOON_DYNAMICS|NUMERICAL_ENDPOINT_AUDIT,jx-ultra-private-lunar-rotation-interval-01-stopped-after-manifest-20260912,jx-ultra-private-lunar-rotation-interval-01-stopped-after-manifest-20260912,../../library/jx-ultra-private-lunar-rotation-interval-01-stopped-after-manifest-20260912,18,69819,CUSTODY,Stopped snapshot had no interval result; completed package controls the outcome,
library:jx-ultra-private-lunar-rotation-occam-filter-addendum-20260910,IMMUTABLE_LIBRARY,AUTHORITY_PACKAGE,AUTHORITY_CATALOGED,HISTORICAL,LUNAR_EARTH_MOON|LUNAR_OR_EARTH_MOON_DYNAMICS,jx-ultra-private-lunar-rotation-occam-filter-addendum-20260910,jx-ultra-private-lunar-rotation-occam-filter-addendum-20260910,../../library/jx-ultra-private-lunar-rotation-occam-filter-addendum-20260910,6,7635,PLAN,Requirement record only; no outcome authority,
library:jx-ultra-private-lunar-rotational-equation-inertia-ownership-diagnostic-supplement-20260911,IMMUTABLE_LIBRARY,AUTHORITY_PACKAGE,AUTHORITY_CATALOGED,STOPPED,LUNAR_EARTH_MOON|LUNAR_OR_EARTH_MOON_DYNAMICS,jx-ultra-private-lunar-rotational-equation-inertia-ownership-diagnostic-supplement-20260911,jx-ultra-private-lunar-rotational-equation-inertia-ownership-diagnostic-supplement-20260911,../../library/jx-ultra-private-lunar-rotational-equation-inertia-ownership-diagnostic-supplement-20260911,46,70097597,STOP,Inertia-ownership discrepancy unsupported,
library:jx-ultra-private-lunar-rotational-missing-physics-budget-diagnostic-supplement-20260910,IMMUTABLE_LIBRARY,AUTHORITY_PACKAGE,AUTHORITY_CATALOGED,STOPPED,LUNAR_EARTH_MOON|LUNAR_OR_EARTH_MOON_DYNAMICS,jx-ultra-private-lunar-rotational-missing-physics-budget-diagnostic-supplement-20260910,jx-ultra-private-lunar-rotational-missing-physics-budget-diagnostic-supplement-20260910,../../library/jx-ultra-private-lunar-rotational-missing-physics-budget-diagnostic-supplement-20260910,49,126624249,STOP,No eligible source-closed single component passed; require new closure,
library:jx-ultra-private-lunar-rotational-physics-deep-research-20260911,IMMUTABLE_LIBRARY,AUTHORITY_PACKAGE,AUTHORITY_CATALOGED,HISTORICAL,LUNAR_EARTH_MOON|LUNAR_OR_EARTH_MOON_DYNAMICS|SOURCE_AND_RESEARCH_SYNTHESIS,jx-ultra-private-lunar-rotational-physics-deep-research-20260911,jx-ultra-private-lunar-rotational-physics-deep-research-20260911,../../library/jx-ultra-private-lunar-rotational-physics-deep-research-20260911,6,38736,SOURCE,Research synthesis selected the later reduced coupled deformation null,
library:jx-ultra-private-lunar-torque-chebyshev-derivative-oracle-confirmation-supplement-20260911,IMMUTABLE_LIBRARY,AUTHORITY_PACKAGE,AUTHORITY_CATALOGED,RETAINED,LUNAR_EARTH_MOON|LUNAR_OR_EARTH_MOON_DYNAMICS,jx-ultra-private-lunar-torque-chebyshev-derivative-oracle-confirmation-supplement-20260911,jx-ultra-private-lunar-torque-chebyshev-derivative-oracle-confirmation-supplement-20260911,../../library/jx-ultra-private-lunar-torque-chebyshev-derivative-oracle-confirmation-supplement-20260911,43,243876376,DIAG,Direct PCK derivative oracle confirmed a stable residual on all saved segments,
library:jx-ultra-private-lunar-torque-reconstruction-derivative-confirmation-supplement-20260911,IMMUTABLE_LIBRARY,AUTHORITY_PACKAGE,AUTHORITY_CATALOGED,HISTORICAL,LUNAR_EARTH_MOON|LUNAR_OR_EARTH_MOON_DYNAMICS,jx-ultra-private-lunar-torque-reconstruction-derivative-confirmation-supplement-20260911,jx-ultra-private-lunar-torque-reconstruction-derivative-confirmation-supplement-20260911,../../library/jx-ultra-private-lunar-torque-reconstruction-derivative-confirmation-supplement-20260911,35,125846343,DIAG,Finite-difference reconstruction was roundoff dominated; later direct oracle is distinct,
library:jx-ultra-private-moon-without-earth-counterfactual-20260910,IMMUTABLE_LIBRARY,AUTHORITY_PACKAGE,AUTHORITY_CATALOGED,HISTORICAL,CAUSAL_COUNTERFACTUAL|LUNAR_EARTH_MOON|LUNAR_OR_EARTH_MOON_DYNAMICS,jx-ultra-private-moon-without-earth-counterfactual-20260910,jx-ultra-private-moon-without-earth-counterfactual-20260910,../../library/jx-ultra-private-moon-without-earth-counterfactual-20260910,15,10093063,DIAG,Earth-gravity counterfactual confirmed; archive-only,
library:jx-ultra-private-moon-without-sun-gravity-counterfactual-20260910,IMMUTABLE_LIBRARY,AUTHORITY_PACKAGE,AUTHORITY_CATALOGED,HISTORICAL,CAUSAL_COUNTERFACTUAL|LUNAR_EARTH_MOON|LUNAR_OR_EARTH_MOON_DYNAMICS,jx-ultra-private-moon-without-sun-gravity-counterfactual-20260910,jx-ultra-private-moon-without-sun-gravity-counterfactual-20260910,../../library/jx-ultra-private-moon-without-sun-gravity-counterfactual-20260910,16,10102710,DIAG,Solar-perturbation counterfactual confirmed; archive-only,
library:jx-ultra-private-orbit-fed-gravity-gradient-shadow-supplement-20260910,IMMUTABLE_LIBRARY,AUTHORITY_PACKAGE,AUTHORITY_CATALOGED,RETAINED,BOUNDED_RESEARCH_EVIDENCE|OTHER,jx-ultra-private-orbit-fed-gravity-gradient-shadow-supplement-20260910,jx-ultra-private-orbit-fed-gravity-gradient-shadow-supplement-20260910,../../library/jx-ultra-private-orbit-fed-gravity-gradient-shadow-supplement-20260910,8,5812,INFRA,Orbit-fed gravity-gradient shadow passed,
library:jx-ultra-private-quadratic-solar-tidal-curvature-counterfactual-20260910,IMMUTABLE_LIBRARY,AUTHORITY_PACKAGE,AUTHORITY_CATALOGED,HISTORICAL,CAUSAL_COUNTERFACTUAL|SOLAR_SYSTEM_EPHEMERIS_RELATIVITY,jx-ultra-private-quadratic-solar-tidal-curvature-counterfactual-20260910,jx-ultra-private-quadratic-solar-tidal-curvature-counterfactual-20260910,../../library/jx-ultra-private-quadratic-solar-tidal-curvature-counterfactual-20260910,16,10196209,DIAG,All registered relative-state cells improved; archive-only,
library:jx-ultra-private-quaternion-shadow-state-null-supplement-20260910,IMMUTABLE_LIBRARY,AUTHORITY_PACKAGE,AUTHORITY_CATALOGED,RETAINED,BOUNDED_RESEARCH_EVIDENCE|OTHER,jx-ultra-private-quaternion-shadow-state-null-supplement-20260910,jx-ultra-private-quaternion-shadow-state-null-supplement-20260910,../../library/jx-ultra-private-quaternion-shadow-state-null-supplement-20260910,49,96885545,INFRA,Quaternion shadow-state null passed,
library:jx-ultra-private-reduced-coupled-deformation-source-closure-20260911,IMMUTABLE_LIBRARY,AUTHORITY_PACKAGE,AUTHORITY_CATALOGED,HISTORICAL,OTHER|SOURCE_AND_RESEARCH_SYNTHESIS,jx-ultra-private-reduced-coupled-deformation-source-closure-20260911,jx-ultra-private-reduced-coupled-deformation-source-closure-20260911,../../library/jx-ultra-private-reduced-coupled-deformation-source-closure-20260911,11,1829541,SOURCE,Source boundary authorized the later reduced consistency null,
library:jx-ultra-private-reduced-coupled-deformation-state-consistency-null-supplement-20260911,IMMUTABLE_LIBRARY,AUTHORITY_PACKAGE,AUTHORITY_CATALOGED,STOPPED,BOUNDED_RESEARCH_EVIDENCE|OTHER,jx-ultra-private-reduced-coupled-deformation-state-consistency-null-supplement-20260911,jx-ultra-private-reduced-coupled-deformation-state-consistency-null-supplement-20260911,../../library/jx-ultra-private-reduced-coupled-deformation-state-consistency-null-supplement-20260911,58,65810846,STOP,Expected direction passed two targets and failed one; retain rigid model,
library:jx-ultra-private-reduced-deformation-phase-partition-diagnostic-supplement-20260911,IMMUTABLE_LIBRARY,AUTHORITY_PACKAGE,AUTHORITY_CATALOGED,RETAINED,BOUNDED_RESEARCH_EVIDENCE|OTHER,jx-ultra-private-reduced-deformation-phase-partition-diagnostic-supplement-20260911,jx-ultra-private-reduced-deformation-phase-partition-diagnostic-supplement-20260911,../../library/jx-ultra-private-reduced-deformation-phase-partition-diagnostic-supplement-20260911,55,101898595,DIAG,Reduced fixture supports spin-to-orbit transfer with net dissipation; parent stop unchanged,
library:jx-ultra-private-single-gravity-gradient-torque-shadow-supplement-20260910,IMMUTABLE_LIBRARY,AUTHORITY_PACKAGE,AUTHORITY_CATALOGED,RETAINED,BOUNDED_RESEARCH_EVIDENCE|OTHER,jx-ultra-private-single-gravity-gradient-torque-shadow-supplement-20260910,jx-ultra-private-single-gravity-gradient-torque-shadow-supplement-20260910,../../library/jx-ultra-private-single-gravity-gradient-torque-shadow-supplement-20260910,25,154967682,INFRA,Single gravity-gradient torque shadow passed,
library:jx-ultra-private-solar-system-without-moon-gravity-counterfactual-20260910,IMMUTABLE_LIBRARY,AUTHORITY_PACKAGE,AUTHORITY_CATALOGED,HISTORICAL,CAUSAL_COUNTERFACTUAL|LUNAR_EARTH_MOON|LUNAR_OR_EARTH_MOON_DYNAMICS|SOLAR_SYSTEM_EPHEMERIS_RELATIVITY,jx-ultra-private-solar-system-without-moon-gravity-counterfactual-20260910,jx-ultra-private-solar-system-without-moon-gravity-counterfactual-20260910,../../library/jx-ultra-private-solar-system-without-moon-gravity-counterfactual-20260910,16,10113465,DIAG,Lunar-influence counterfactual confirmed; archive-only,
library:jx-ultra-private-torque-free-triaxial-quaternion-shadow-supplement-20260910,IMMUTABLE_LIBRARY,AUTHORITY_PACKAGE,AUTHORITY_CATALOGED,RETAINED,BOUNDED_RESEARCH_EVIDENCE|OTHER,jx-ultra-private-torque-free-triaxial-quaternion-shadow-supplement-20260910,jx-ultra-private-torque-free-triaxial-quaternion-shadow-supplement-20260910,../../library/jx-ultra-private-torque-free-triaxial-quaternion-shadow-supplement-20260910,48,97291398,INFRA,Torque-free triaxial quaternion shadow passed,
library:jx-v5-published-v0.4.0a1-20260906,IMMUTABLE_LIBRARY,AUTHORITY_PACKAGE,AUTHORITY_CATALOGED,CURRENT,PUBLIC_RELEASE|RELEASE_REPRODUCIBILITY,jx-v5-published-v0.4.0a1-20260906,jx-v5-published-v0.4.0a1-20260906,../../library/jx-v5-published-v0.4.0a1-20260906,164,127575659,SCREENING,Only public release authority: v0.4.0a1 at commit 7f70d10d; SCREENING_ONLY,
library:jx-v5-step5-de440-dynamic-pole-final-20260907,IMMUTABLE_LIBRARY,AUTHORITY_PACKAGE,AUTHORITY_CATALOGED,RETAINED,SOLAR_SYSTEM_EPHEMERIS_RELATIVITY|STEP5_ORBITAL_VALIDATION,jx-v5-step5-de440-dynamic-pole-final-20260907,jx-v5-step5-de440-dynamic-pole-final-20260907,../../library/jx-v5-step5-de440-dynamic-pole-final-20260907,70,46186769,FIXTURE,Mixed dynamic-pole result; geometry-dependent sign reversal,
library:jx-v5-step5-de440-dynamic-pole-prereg-20260907,IMMUTABLE_LIBRARY,AUTHORITY_PACKAGE,AUTHORITY_CATALOGED,RETAINED,SOLAR_SYSTEM_EPHEMERIS_RELATIVITY|STEP5_ORBITAL_VALIDATION,jx-v5-step5-de440-dynamic-pole-prereg-20260907,jx-v5-step5-de440-dynamic-pole-prereg-20260907,../../library/jx-v5-step5-de440-dynamic-pole-prereg-20260907,48,15863415,PLAN,Outcome-blind dynamic-pole protocol; no outcome in this package,
library:jx-v5-step5-de440-endpoint-comparison-supplement-20260906,IMMUTABLE_LIBRARY,AUTHORITY_PACKAGE,AUTHORITY_CATALOGED,RETAINED,NUMERICAL_ENDPOINT_AUDIT|SOLAR_SYSTEM_EPHEMERIS_RELATIVITY|STEP5_ORBITAL_VALIDATION,jx-v5-step5-de440-endpoint-comparison-supplement-20260906,jx-v5-step5-de440-endpoint-comparison-supplement-20260906,../../library/jx-v5-step5-de440-endpoint-comparison-supplement-20260906,14,136372,FIXTURE,Position residual decreased with refinement while velocity reached a model-reference floor,
library:jx-v5-step5-de440-static-start-pole-final-20260907,IMMUTABLE_LIBRARY,AUTHORITY_PACKAGE,AUTHORITY_CATALOGED,RETAINED,SOLAR_SYSTEM_EPHEMERIS_RELATIVITY|STEP5_ORBITAL_VALIDATION,jx-v5-step5-de440-static-start-pole-final-20260907,jx-v5-step5-de440-static-start-pole-final-20260907,../../library/jx-v5-step5-de440-static-start-pole-final-20260907,48,53708403,FIXTURE,All estimates favored initial orientation; half were unresolved,
library:jx-v5-step5-earth-j2-rkf78-e2e-supplement-20260907,IMMUTABLE_LIBRARY,AUTHORITY_PACKAGE,AUTHORITY_CATALOGED,RETAINED,INTEGRATOR_PERFORMANCE|STEP5_ORBITAL_VALIDATION,jx-v5-step5-earth-j2-rkf78-e2e-supplement-20260907,jx-v5-step5-earth-j2-rkf78-e2e-supplement-20260907,../../library/jx-v5-step5-earth-j2-rkf78-e2e-supplement-20260907,31,932861,FIXTURE,One-day RKF78 adapter completed with a bounded lunar residual improvement,
library:jx-v5-step5-earth-j2-target-roster-supplement-20260907,IMMUTABLE_LIBRARY,AUTHORITY_PACKAGE,AUTHORITY_CATALOGED,RETAINED,OTHER|STEP5_ORBITAL_VALIDATION,jx-v5-step5-earth-j2-target-roster-supplement-20260907,jx-v5-step5-earth-j2-target-roster-supplement-20260907,../../library/jx-v5-step5-earth-j2-target-roster-supplement-20260907,34,13713367,FIXTURE,Held-out seven-target roster was mixed,
library:jx-v5-step5-earth-moon-j2-multi-epoch-supplement-20260907,IMMUTABLE_LIBRARY,AUTHORITY_PACKAGE,AUTHORITY_CATALOGED,RETAINED,LUNAR_EARTH_MOON|LUNAR_OR_EARTH_MOON_DYNAMICS|STEP5_ORBITAL_VALIDATION,jx-v5-step5-earth-moon-j2-multi-epoch-supplement-20260907,jx-v5-step5-earth-moon-j2-multi-epoch-supplement-20260907,../../library/jx-v5-step5-earth-moon-j2-multi-epoch-supplement-20260907,26,3279786,FIXTURE,All new multi-epoch cells improved their registered metrics,
library:jx-v5-step5-earth-moon-j2-supplement-20260907,IMMUTABLE_LIBRARY,AUTHORITY_PACKAGE,AUTHORITY_CATALOGED,RETAINED,LUNAR_EARTH_MOON|LUNAR_OR_EARTH_MOON_DYNAMICS|STEP5_ORBITAL_VALIDATION,jx-v5-step5-earth-moon-j2-supplement-20260907,jx-v5-step5-earth-moon-j2-supplement-20260907,../../library/jx-v5-step5-earth-moon-j2-supplement-20260907,19,380141,FIXTURE,Principal one-day lunar J2 residual improved substantially,
library:jx-v5-step5-earth-pole-policy-implementation-20260907,IMMUTABLE_LIBRARY,AUTHORITY_PACKAGE,AUTHORITY_CATALOGED,RETAINED,OTHER|STEP5_ORBITAL_VALIDATION,jx-v5-step5-earth-pole-policy-implementation-20260907,jx-v5-step5-earth-pole-policy-implementation-20260907,../../library/jx-v5-step5-earth-pole-policy-implementation-20260907,18,15741476,INFRA,Reusable pole-policy tests passed; no trajectory result,
library:jx-v5-step5-earth-zonal-j3-j5-supplement-20260907,IMMUTABLE_LIBRARY,AUTHORITY_PACKAGE,AUTHORITY_CATALOGED,RETAINED,OTHER|STEP5_ORBITAL_VALIDATION,jx-v5-step5-earth-zonal-j3-j5-supplement-20260907,jx-v5-step5-earth-zonal-j3-j5-supplement-20260907,../../library/jx-v5-step5-earth-zonal-j3-j5-supplement-20260907,51,37938706,FIXTURE,Higher-zonal result mixed or unresolved; not default,
library:jx-v5-step5-eih-1pn-supplement-20260907,IMMUTABLE_LIBRARY,AUTHORITY_PACKAGE,AUTHORITY_CATALOGED,RETAINED,SOLAR_SYSTEM_EPHEMERIS_RELATIVITY|STEP5_ORBITAL_VALIDATION,jx-v5-step5-eih-1pn-supplement-20260907,jx-v5-step5-eih-1pn-supplement-20260907,../../library/jx-v5-step5-eih-1pn-supplement-20260907,17,223130,FIXTURE,Mercury velocity residual improved strongly; Moon remained the largest residual,
library:jx-v5-step5-engine-preparation-supplement-20260906,IMMUTABLE_LIBRARY,AUTHORITY_PACKAGE,AUTHORITY_CATALOGED,RETAINED,OTHER|STEP5_ORBITAL_VALIDATION,jx-v5-step5-engine-preparation-supplement-20260906,jx-v5-step5-engine-preparation-supplement-20260906,../../library/jx-v5-step5-engine-preparation-supplement-20260906,18,121966,INFRA,Exact ET0 eleven-body conversion and force gate passed,
library:jx-v5-step5-lunar-delayed-tide-calibration-20260908,IMMUTABLE_LIBRARY,AUTHORITY_PACKAGE,AUTHORITY_CATALOGED,HISTORICAL,LUNAR_EARTH_MOON|LUNAR_OR_EARTH_MOON_DYNAMICS|STEP5_ORBITAL_VALIDATION,jx-v5-step5-lunar-delayed-tide-calibration-20260908,jx-v5-step5-lunar-delayed-tide-calibration-20260908,../../library/jx-v5-step5-lunar-delayed-tide-calibration-20260908,25,185163389,CUSTODY,Non-release calibration was mixed; final result exists,
library:jx-v5-step5-lunar-delayed-tide-prereg-20260908,IMMUTABLE_LIBRARY,AUTHORITY_PACKAGE,AUTHORITY_CATALOGED,SUPERSEDED,LUNAR_EARTH_MOON|LUNAR_OR_EARTH_MOON_DYNAMICS|STEP5_ORBITAL_VALIDATION,jx-v5-step5-lunar-delayed-tide-prereg-20260908,jx-v5-step5-lunar-delayed-tide-prereg-20260908,../../library/jx-v5-step5-lunar-delayed-tide-prereg-20260908,42,156405077,PLAN,Original delayed-tide preregistration corrected by r2,
library:jx-v5-step5-lunar-delayed-tide-prereg-r2-20260908,IMMUTABLE_LIBRARY,AUTHORITY_PACKAGE,AUTHORITY_CATALOGED,RETAINED,LUNAR_EARTH_MOON|LUNAR_OR_EARTH_MOON_DYNAMICS|STEP5_ORBITAL_VALIDATION,jx-v5-step5-lunar-delayed-tide-prereg-r2-20260908,jx-v5-step5-lunar-delayed-tide-prereg-r2-20260908,../../library/jx-v5-step5-lunar-delayed-tide-prereg-r2-20260908,42,156356394,PLAN,Corrected pre-calibration delayed-tide protocol; no outcome,
library:jx-v5-step5-lunar-delayed-tide-supplement-20260908,IMMUTABLE_LIBRARY,AUTHORITY_PACKAGE,AUTHORITY_CATALOGED,RETAINED,LUNAR_EARTH_MOON|LUNAR_OR_EARTH_MOON_DYNAMICS|STEP5_ORBITAL_VALIDATION,jx-v5-step5-lunar-delayed-tide-supplement-20260908,jx-v5-step5-lunar-delayed-tide-supplement-20260908,../../library/jx-v5-step5-lunar-delayed-tide-supplement-20260908,54,237458028,FIXTURE,Final delayed-tide effect was small and mixed,
library:jx-v5-step5-lunar-instantaneous-tide-supplement-20260908,IMMUTABLE_LIBRARY,AUTHORITY_PACKAGE,AUTHORITY_CATALOGED,RETAINED,LUNAR_EARTH_MOON|LUNAR_OR_EARTH_MOON_DYNAMICS|STEP5_ORBITAL_VALIDATION,jx-v5-step5-lunar-instantaneous-tide-supplement-20260908,jx-v5-step5-lunar-instantaneous-tide-supplement-20260908,../../library/jx-v5-step5-lunar-instantaneous-tide-supplement-20260908,172,510453342,FIXTURE,Mostly favorable but mixed; research-only and default off,
library:jx-v5-step5-lunar-spin-distortion-stopped-20260908,IMMUTABLE_LIBRARY,AUTHORITY_PACKAGE,AUTHORITY_CATALOGED,STOPPED,LUNAR_EARTH_MOON|LUNAR_OR_EARTH_MOON_DYNAMICS|STEP5_ORBITAL_VALIDATION,jx-v5-step5-lunar-spin-distortion-stopped-20260908,jx-v5-step5-lunar-spin-distortion-stopped-20260908,../../library/jx-v5-step5-lunar-spin-distortion-stopped-20260908,28,76149945,STOP,Stopped before final report; calibration left all cells unresolved,
library:jx-v5-step5-lunar-static-degree2-supplement-20260908,IMMUTABLE_LIBRARY,AUTHORITY_PACKAGE,AUTHORITY_CATALOGED,RETAINED,LUNAR_EARTH_MOON|LUNAR_OR_EARTH_MOON_DYNAMICS|STEP5_ORBITAL_VALIDATION,jx-v5-step5-lunar-static-degree2-supplement-20260908,jx-v5-step5-lunar-static-degree2-supplement-20260908,../../library/jx-v5-step5-lunar-static-degree2-supplement-20260908,93,222432884,FIXTURE,All registered degree-two cells improved,
library:jx-v5-step5-lunar-static-degree3-supplement-20260908,IMMUTABLE_LIBRARY,AUTHORITY_PACKAGE,AUTHORITY_CATALOGED,RETAINED,LUNAR_EARTH_MOON|LUNAR_OR_EARTH_MOON_DYNAMICS|STEP5_ORBITAL_VALIDATION,jx-v5-step5-lunar-static-degree3-supplement-20260908,jx-v5-step5-lunar-static-degree3-supplement-20260908,../../library/jx-v5-step5-lunar-static-degree3-supplement-20260908,127,320020755,FIXTURE,Degree-three result mixed; not default,
library:jx-v5-step5-public-replay-complete-supplement-20260906,IMMUTABLE_LIBRARY,AUTHORITY_PACKAGE,AUTHORITY_CATALOGED,RETAINED,OTHER|STEP5_ORBITAL_VALIDATION,jx-v5-step5-public-replay-complete-supplement-20260906,jx-v5-step5-public-replay-complete-supplement-20260906,../../library/jx-v5-step5-public-replay-complete-supplement-20260906,24,106947042,CUSTODY,Closed the missing composite-leaf gap and validated exact replay,
library:jx-v5-step5-short-trajectory-supplement-20260906,IMMUTABLE_LIBRARY,AUTHORITY_PACKAGE,AUTHORITY_CATALOGED,RETAINED,OTHER|STEP5_ORBITAL_VALIDATION,jx-v5-step5-short-trajectory-supplement-20260906,jx-v5-step5-short-trajectory-supplement-20260906,../../library/jx-v5-step5-short-trajectory-supplement-20260906,14,215205,FIXTURE,One-day KDK convergence passed with approximately second-order behavior,
library:jx-v5-step5-sun1pn-frozen-path-sensitivity-supplement-20260906,IMMUTABLE_LIBRARY,AUTHORITY_PACKAGE,AUTHORITY_CATALOGED,RETAINED,SOLAR_SYSTEM_EPHEMERIS_RELATIVITY|STEP5_ORBITAL_VALIDATION,jx-v5-step5-sun1pn-frozen-path-sensitivity-supplement-20260906,jx-v5-step5-sun1pn-frozen-path-sensitivity-supplement-20260906,../../library/jx-v5-step5-sun1pn-frozen-path-sensitivity-supplement-20260906,14,2166464,FIXTURE,Frozen-path sensitivity improved Mercury velocity; not a relativistic trajectory,
protocol:jx_fast_wisdom_holman_rc6_rebound_race_protocol.json,BENCHMARK_DEFINITIONS,PROTOCOL_OR_PREREGISTRATION,ACTIVE_SOURCE_DEFINITION,PROTOCOL,INTEGRATOR_PERFORMANCE,jx_fast_wisdom_holman_rc6_rebound_race_protocol,jx_fast_wisdom_holman_rc6_rebound_race_protocol,benchmarks/jx_fast_wisdom_holman_rc6_rebound_race_protocol.json,1,7422,,,
protocol:jx_fast_wisdom_holman_rc7_rebound_race_protocol.json,BENCHMARK_DEFINITIONS,PROTOCOL_OR_PREREGISTRATION,ACTIVE_SOURCE_DEFINITION,PROTOCOL,INTEGRATOR_PERFORMANCE,jx_fast_wisdom_holman_rc7_rebound_race_protocol,jx_fast_wisdom_holman_rc7_rebound_race_protocol,benchmarks/jx_fast_wisdom_holman_rc7_rebound_race_protocol.json,1,7015,,,
protocol:jx_fast_wisdom_holman_rc8_rebound_race_protocol.json,BENCHMARK_DEFINITIONS,PROTOCOL_OR_PREREGISTRATION,ACTIVE_SOURCE_DEFINITION,PROTOCOL,INTEGRATOR_PERFORMANCE,jx_fast_wisdom_holman_rc8_rebound_race_protocol,jx_fast_wisdom_holman_rc8_rebound_race_protocol,benchmarks/jx_fast_wisdom_holman_rc8_rebound_race_protocol.json,1,7104,,,
protocol:jx_native_cached_far_hybrid_preregistration.json,BENCHMARK_DEFINITIONS,PROTOCOL_OR_PREREGISTRATION,ACTIVE_SOURCE_DEFINITION,PREREGISTRATION,OTHER,jx_native_cached_far_hybrid_preregistration,jx_native_cached_far_hybrid_preregistration,benchmarks/jx_native_cached_far_hybrid_preregistration.json,1,2604,,,
protocol:jx_native_endpoint_sync_hybrid_preregistration.json,BENCHMARK_DEFINITIONS,PROTOCOL_OR_PREREGISTRATION,ACTIVE_SOURCE_DEFINITION,PREREGISTRATION,OTHER,jx_native_endpoint_sync_hybrid_preregistration,jx_native_endpoint_sync_hybrid_preregistration,benchmarks/jx_native_endpoint_sync_hybrid_preregistration.json,1,3298,,,
protocol:jx_native_gauss_radau15_preregistration.json,BENCHMARK_DEFINITIONS,PROTOCOL_OR_PREREGISTRATION,ACTIVE_SOURCE_DEFINITION,PREREGISTRATION,OTHER,jx_native_gauss_radau15_preregistration,jx_native_gauss_radau15_preregistration,benchmarks/jx_native_gauss_radau15_preregistration.json,1,3606,,,
protocol:jx_native_gauss_radau15_timing_protocol.json,BENCHMARK_DEFINITIONS,PROTOCOL_OR_PREREGISTRATION,ACTIVE_SOURCE_DEFINITION,PROTOCOL,OTHER,jx_native_gauss_radau15_timing_protocol,jx_native_gauss_radau15_timing_protocol,benchmarks/jx_native_gauss_radau15_timing_protocol.json,1,4825,,,
protocol:jx_native_gauss_radau15_v2_preregistration.json,BENCHMARK_DEFINITIONS,PROTOCOL_OR_PREREGISTRATION,ACTIVE_SOURCE_DEFINITION,PREREGISTRATION,OTHER,jx_native_gauss_radau15_v2_preregistration,jx_native_gauss_radau15_v2_preregistration,benchmarks/jx_native_gauss_radau15_v2_preregistration.json,1,2910,,,
protocol:jx_native_gauss_radau15_v2_timing_protocol.json,BENCHMARK_DEFINITIONS,PROTOCOL_OR_PREREGISTRATION,ACTIVE_SOURCE_DEFINITION,PROTOCOL,OTHER,jx_native_gauss_radau15_v2_timing_protocol,jx_native_gauss_radau15_v2_timing_protocol,benchmarks/jx_native_gauss_radau15_v2_timing_protocol.json,1,4973,,,
protocol:jx_native_kepler_v4_preregistration.json,BENCHMARK_DEFINITIONS,PROTOCOL_OR_PREREGISTRATION,ACTIVE_SOURCE_DEFINITION,PREREGISTRATION,OTHER,jx_native_kepler_v4_preregistration,jx_native_kepler_v4_preregistration,benchmarks/jx_native_kepler_v4_preregistration.json,1,5007,,,
protocol:jx_native_kepler_v4_rebound_race_protocol.json,BENCHMARK_DEFINITIONS,PROTOCOL_OR_PREREGISTRATION,ACTIVE_SOURCE_DEFINITION,PROTOCOL,INTEGRATOR_PERFORMANCE,jx_native_kepler_v4_rebound_race_protocol,jx_native_kepler_v4_rebound_race_protocol,benchmarks/jx_native_kepler_v4_rebound_race_protocol.json,1,6029,,,
protocol:jx_native_kepler_v4_rebound_race_protocol_v2.json,BENCHMARK_DEFINITIONS,PROTOCOL_OR_PREREGISTRATION,ACTIVE_SOURCE_DEFINITION,PROTOCOL,INTEGRATOR_PERFORMANCE,jx_native_kepler_v4_rebound_race_protocol_v2,jx_native_kepler_v4_rebound_race_protocol,benchmarks/jx_native_kepler_v4_rebound_race_protocol_v2.json,1,6748,,,
protocol:jx_native_persistent_far_hybrid_preregistration.json,BENCHMARK_DEFINITIONS,PROTOCOL_OR_PREREGISTRATION,ACTIVE_SOURCE_DEFINITION,PREREGISTRATION,OTHER,jx_native_persistent_far_hybrid_preregistration,jx_native_persistent_far_hybrid_preregistration,benchmarks/jx_native_persistent_far_hybrid_preregistration.json,1,3297,,,
protocol:jx_native_reversible_hybrid_loop_preregistration.json,BENCHMARK_DEFINITIONS,PROTOCOL_OR_PREREGISTRATION,ACTIVE_SOURCE_DEFINITION,PREREGISTRATION,OTHER,jx_native_reversible_hybrid_loop_preregistration,jx_native_reversible_hybrid_loop_preregistration,benchmarks/jx_native_reversible_hybrid_loop_preregistration.json,1,3585,,,
protocol:jx_native_reversible_hybrid_preregistration.json,BENCHMARK_DEFINITIONS,PROTOCOL_OR_PREREGISTRATION,ACTIVE_SOURCE_DEFINITION,PREREGISTRATION,OTHER,jx_native_reversible_hybrid_preregistration,jx_native_reversible_hybrid_preregistration,benchmarks/jx_native_reversible_hybrid_preregistration.json,1,3939,,,
protocol:jx_native_stateful_near_hybrid_preregistration.json,BENCHMARK_DEFINITIONS,PROTOCOL_OR_PREREGISTRATION,ACTIVE_SOURCE_DEFINITION,PREREGISTRATION,OTHER,jx_native_stateful_near_hybrid_preregistration,jx_native_stateful_near_hybrid_preregistration,benchmarks/jx_native_stateful_near_hybrid_preregistration.json,1,3900,,,
protocol:jx_native_wisdom_holman_long_v1_protocol.json,BENCHMARK_DEFINITIONS,PROTOCOL_OR_PREREGISTRATION,ACTIVE_SOURCE_DEFINITION,PROTOCOL,OTHER,jx_native_wisdom_holman_long_v1_protocol,jx_native_wisdom_holman_long_v1_protocol,benchmarks/jx_native_wisdom_holman_long_v1_protocol.json,1,3728,,,
protocol:jx_native_wisdom_holman_rebound_race_v1_protocol.json,BENCHMARK_DEFINITIONS,PROTOCOL_OR_PREREGISTRATION,ACTIVE_SOURCE_DEFINITION,PROTOCOL,INTEGRATOR_PERFORMANCE,jx_native_wisdom_holman_rebound_race_v1_protocol,jx_native_wisdom_holman_rebound_race_v1_protocol,benchmarks/jx_native_wisdom_holman_rebound_race_v1_protocol.json,1,5652,,,
protocol:jx_native_wisdom_holman_rebound_race_v2_protocol.json,BENCHMARK_DEFINITIONS,PROTOCOL_OR_PREREGISTRATION,ACTIVE_SOURCE_DEFINITION,PROTOCOL,INTEGRATOR_PERFORMANCE,jx_native_wisdom_holman_rebound_race_v2_protocol,jx_native_wisdom_holman_rebound_race_v2_protocol,benchmarks/jx_native_wisdom_holman_rebound_race_v2_protocol.json,1,8270,,,
protocol:jx_raw_c_trace_harness_preregistration.json,BENCHMARK_DEFINITIONS,PROTOCOL_OR_PREREGISTRATION,ACTIVE_SOURCE_DEFINITION,PREREGISTRATION,INTEGRATOR_PERFORMANCE,jx_raw_c_trace_harness_preregistration,jx_raw_c_trace_harness_preregistration,benchmarks/jx_raw_c_trace_harness_preregistration.json,1,3552,,,
protocol:jx_raw_c_trace_stateful_near_protocol.json,BENCHMARK_DEFINITIONS,PROTOCOL_OR_PREREGISTRATION,ACTIVE_SOURCE_DEFINITION,PROTOCOL,INTEGRATOR_PERFORMANCE,jx_raw_c_trace_stateful_near_protocol,jx_raw_c_trace_stateful_near_protocol,benchmarks/jx_raw_c_trace_stateful_near_protocol.json,1,1937,,,
protocol:jx_rebound_long_timing_race_v1_protocol.json,BENCHMARK_DEFINITIONS,PROTOCOL_OR_PREREGISTRATION,ACTIVE_SOURCE_DEFINITION,PROTOCOL,INTEGRATOR_PERFORMANCE,jx_rebound_long_timing_race_v1_protocol,jx_rebound_long_timing_race_v1_protocol,benchmarks/jx_rebound_long_timing_race_v1_protocol.json,1,9004,,,
protocol:jx_rebound_long_timing_race_v2_protocol.json,BENCHMARK_DEFINITIONS,PROTOCOL_OR_PREREGISTRATION,ACTIVE_SOURCE_DEFINITION,PROTOCOL,INTEGRATOR_PERFORMANCE,jx_rebound_long_timing_race_v2_protocol,jx_rebound_long_timing_race_v2_protocol,benchmarks/jx_rebound_long_timing_race_v2_protocol.json,1,943,,,
protocol:jx_reversible_encounter_state_machine_preregistration.json,BENCHMARK_DEFINITIONS,PROTOCOL_OR_PREREGISTRATION,ACTIVE_SOURCE_DEFINITION,PREREGISTRATION,OTHER,jx_reversible_encounter_state_machine_preregistration,jx_reversible_encounter_state_machine_preregistration,benchmarks/jx_reversible_encounter_state_machine_preregistration.json,1,2801,,,
workspace:results/performance_20260922,ACTIVE_RESULTS,WORKSPACE_DIRECTORY,UNREVIEWED_WORKSPACE_RECORD,RESULT_BUNDLE,INTEGRATOR_PERFORMANCE,performance_20260922,performance_20260922,results/performance_20260922,6,118216,,,NO_PROTOCOL_DETECTED|NO_MANIFEST_DETECTED
workspace:runs/core_validation.json,ACTIVE_RUNS,WORKSPACE_LOOSE_FILE,UNREVIEWED_WORKSPACE_RECORD,RESULT_OR_VALIDATION_BUNDLE,OTHER,core_validation.json,core_validation,runs/core_validation.json,1,3821,,,NO_PROTOCOL_DETECTED|NO_MANIFEST_DETECTED|NO_CHECKSUM_DETECTED
workspace:runs/de441_anchor,ACTIVE_RUNS,WORKSPACE_DIRECTORY,UNREVIEWED_WORKSPACE_RECORD,DATASET_OR_REFERENCE,SOLAR_SYSTEM_EPHEMERIS_RELATIVITY,de441_anchor,de441_anchor,runs/de441_anchor,4,26629,,,NO_MANIFEST_DETECTED|NO_CHECKSUM_DETECTED
workspace:runs/de441_horizons_10yr,ACTIVE_RUNS,WORKSPACE_DIRECTORY,UNREVIEWED_WORKSPACE_RECORD,RESULT_OR_VALIDATION_BUNDLE,SOLAR_SYSTEM_EPHEMERIS_RELATIVITY,de441_horizons_10yr,de441_horizons_10yr,runs/de441_horizons_10yr,20,210214,,,NO_PROTOCOL_DETECTED|NO_CHECKSUM_DETECTED
workspace:runs/de441_population_100k,ACTIVE_RUNS,WORKSPACE_DIRECTORY,UNREVIEWED_WORKSPACE_RECORD,RESULT_OR_VALIDATION_BUNDLE,SOLAR_SYSTEM_EPHEMERIS_RELATIVITY|PLANET_X_SURVEY,de441_population_100k,de441_population_100k,runs/de441_population_100k,15,18892159,,,NO_PROTOCOL_DETECTED|NO_CHECKSUM_DETECTED
workspace:runs/ias15_equation_gate,ACTIVE_RUNS,WORKSPACE_DIRECTORY,UNREVIEWED_WORKSPACE_RECORD,RESULT_OR_VALIDATION_BUNDLE,INTEGRATOR_PERFORMANCE,ias15_equation_gate,ias15_equation_gate,runs/ias15_equation_gate,5,22458,,,NO_PROTOCOL_DETECTED|NO_MANIFEST_DETECTED|NO_CHECKSUM_DETECTED
workspace:runs/independent_dop853_10k,ACTIVE_RUNS,WORKSPACE_DIRECTORY,UNREVIEWED_WORKSPACE_RECORD,RESULT_OR_VALIDATION_BUNDLE,INTEGRATOR_PERFORMANCE,independent_dop853_10k,independent_dop853_10k,runs/independent_dop853_10k,23,304642,,,NO_PROTOCOL_DETECTED|NO_MANIFEST_DETECTED|NO_CHECKSUM_DETECTED
workspace:runs/jx_cosmology_baryons_3d_r2,ACTIVE_RUNS,WORKSPACE_DIRECTORY,UNREVIEWED_WORKSPACE_RECORD,STOPPED_OR_NEGATIVE_RECORD,COSMOLOGY,jx_cosmology_baryons_3d_r2,jx_cosmology_baryons_3d,runs/jx_cosmology_baryons_3d_r2,19,39124,,,
workspace:runs/jx_cosmology_baryons_3d_r3,ACTIVE_RUNS,WORKSPACE_DIRECTORY,UNREVIEWED_WORKSPACE_RECORD,STOPPED_OR_NEGATIVE_RECORD,COSMOLOGY,jx_cosmology_baryons_3d_r3,jx_cosmology_baryons_3d,runs/jx_cosmology_baryons_3d_r3,14,103386,,,NO_MANIFEST_DETECTED|NO_CHECKSUM_DETECTED
workspace:runs/jx_cosmology_baryons_3d_r4,ACTIVE_RUNS,WORKSPACE_DIRECTORY,UNREVIEWED_WORKSPACE_RECORD,STOPPED_OR_NEGATIVE_RECORD,COSMOLOGY,jx_cosmology_baryons_3d_r4,jx_cosmology_baryons_3d,runs/jx_cosmology_baryons_3d_r4,69,313663,,,
workspace:runs/jx_cosmology_baryons_3d_recovery_diagnostic_v1,ACTIVE_RUNS,WORKSPACE_DIRECTORY,UNREVIEWED_WORKSPACE_RECORD,WORKSPACE_RECORD_UNCLASSIFIED,COSMOLOGY,jx_cosmology_baryons_3d_recovery_diagnostic_v1,jx_cosmology_baryons_3d_recovery_diagnostic,runs/jx_cosmology_baryons_3d_recovery_diagnostic_v1,1,5992,,,NO_PROTOCOL_DETECTED|NO_RESULT_OR_VALIDATION_DETECTED|NO_MANIFEST_DETECTED|NO_CHECKSUM_DETECTED
workspace:runs/jx_cosmology_baryons_3d_v1,ACTIVE_RUNS,WORKSPACE_DIRECTORY,UNREVIEWED_WORKSPACE_RECORD,STOPPED_OR_NEGATIVE_RECORD,COSMOLOGY,jx_cosmology_baryons_3d_v1,jx_cosmology_baryons_3d,runs/jx_cosmology_baryons_3d_v1,8,15032,,,NO_MANIFEST_DETECTED|NO_CHECKSUM_DETECTED
workspace:runs/jx_cosmology_pm_256_independent_r2,ACTIVE_RUNS,WORKSPACE_DIRECTORY,UNREVIEWED_WORKSPACE_RECORD,RESULT_OR_VALIDATION_BUNDLE,COSMOLOGY,jx_cosmology_pm_256_independent_r2,jx_cosmology_pm_256_independent,runs/jx_cosmology_pm_256_independent_r2,11,30269,,,
workspace:runs/jx_cosmology_pm_256_independent_v1,ACTIVE_RUNS,WORKSPACE_DIRECTORY,UNREVIEWED_WORKSPACE_RECORD,STOPPED_OR_NEGATIVE_RECORD,COSMOLOGY,jx_cosmology_pm_256_independent_v1,jx_cosmology_pm_256_independent,runs/jx_cosmology_pm_256_independent_v1,10,59401,,,NO_MANIFEST_DETECTED
workspace:runs/jx_cosmology_pm_foundation_v1,ACTIVE_RUNS,WORKSPACE_DIRECTORY,UNREVIEWED_WORKSPACE_RECORD,RESULT_OR_VALIDATION_BUNDLE,COSMOLOGY,jx_cosmology_pm_foundation_v1,jx_cosmology_pm_foundation,runs/jx_cosmology_pm_foundation_v1,15,30459,,,
workspace:runs/jx_dynamics_scenario_equal_binary_v1,ACTIVE_RUNS,WORKSPACE_DIRECTORY,UNREVIEWED_WORKSPACE_RECORD,RESULT_OR_VALIDATION_BUNDLE,BINARY_DYNAMICS,jx_dynamics_scenario_equal_binary_v1,jx_dynamics_scenario_equal_binary,runs/jx_dynamics_scenario_equal_binary_v1,49,1160002,,,
workspace:runs/jx_eleven_body_portable_v1,ACTIVE_RUNS,WORKSPACE_DIRECTORY,UNREVIEWED_WORKSPACE_RECORD,RESULT_OR_VALIDATION_BUNDLE,SOLAR_SYSTEM_EPHEMERIS_RELATIVITY|RELEASE_REPRODUCIBILITY,jx_eleven_body_portable_v1,jx_eleven_body_portable,runs/jx_eleven_body_portable_v1,23,2161991,,,NO_PROTOCOL_DETECTED
workspace:runs/jx_equal_binary_100_period_repro_v1,ACTIVE_RUNS,WORKSPACE_DIRECTORY,UNREVIEWED_WORKSPACE_RECORD,RESULT_OR_VALIDATION_BUNDLE,BINARY_DYNAMICS|RELEASE_REPRODUCIBILITY,jx_equal_binary_100_period_repro_v1,jx_equal_binary_100_period_repro,runs/jx_equal_binary_100_period_repro_v1,33,1273349,,,NO_PROTOCOL_DETECTED
workspace:runs/jx_general_dynamics_registry_v1,ACTIVE_RUNS,WORKSPACE_DIRECTORY,UNREVIEWED_WORKSPACE_RECORD,REGISTRY_SNAPSHOT,GENERAL_DYNAMICS_REGISTRY,jx_general_dynamics_registry_v1,jx_general_dynamics_registry,runs/jx_general_dynamics_registry_v1,1,4811,,,NO_MANIFEST_DETECTED|NO_CHECKSUM_DETECTED
workspace:runs/jx_general_dynamics_registry_v10,ACTIVE_RUNS,WORKSPACE_DIRECTORY,UNREVIEWED_WORKSPACE_RECORD,REGISTRY_SNAPSHOT,GENERAL_DYNAMICS_REGISTRY,jx_general_dynamics_registry_v10,jx_general_dynamics_registry,runs/jx_general_dynamics_registry_v10,1,5568,,,NO_MANIFEST_DETECTED|NO_CHECKSUM_DETECTED
workspace:runs/jx_general_dynamics_registry_v11,ACTIVE_RUNS,WORKSPACE_DIRECTORY,UNREVIEWED_WORKSPACE_RECORD,REGISTRY_SNAPSHOT,GENERAL_DYNAMICS_REGISTRY,jx_general_dynamics_registry_v11,jx_general_dynamics_registry,runs/jx_general_dynamics_registry_v11,1,6266,,,NO_MANIFEST_DETECTED|NO_CHECKSUM_DETECTED
workspace:runs/jx_general_dynamics_registry_v12,ACTIVE_RUNS,WORKSPACE_DIRECTORY,UNREVIEWED_WORKSPACE_RECORD,REGISTRY_SNAPSHOT,GENERAL_DYNAMICS_REGISTRY,jx_general_dynamics_registry_v12,jx_general_dynamics_registry,runs/jx_general_dynamics_registry_v12,1,6305,,,NO_MANIFEST_DETECTED|NO_CHECKSUM_DETECTED
workspace:runs/jx_general_dynamics_registry_v13,ACTIVE_RUNS,WORKSPACE_DIRECTORY,UNREVIEWED_WORKSPACE_RECORD,REGISTRY_SNAPSHOT,GENERAL_DYNAMICS_REGISTRY,jx_general_dynamics_registry_v13,jx_general_dynamics_registry,runs/jx_general_dynamics_registry_v13,1,7030,,,NO_MANIFEST_DETECTED|NO_CHECKSUM_DETECTED
workspace:runs/jx_general_dynamics_registry_v14,ACTIVE_RUNS,WORKSPACE_DIRECTORY,UNREVIEWED_WORKSPACE_RECORD,STOPPED_OR_NEGATIVE_RECORD,GENERAL_DYNAMICS_REGISTRY,jx_general_dynamics_registry_v14,jx_general_dynamics_registry,runs/jx_general_dynamics_registry_v14,2,7493,,,NO_PROTOCOL_DETECTED|NO_MANIFEST_DETECTED|NO_CHECKSUM_DETECTED
workspace:runs/jx_general_dynamics_registry_v15,ACTIVE_RUNS,WORKSPACE_DIRECTORY,UNREVIEWED_WORKSPACE_RECORD,REGISTRY_SNAPSHOT,GENERAL_DYNAMICS_REGISTRY,jx_general_dynamics_registry_v15,jx_general_dynamics_registry,runs/jx_general_dynamics_registry_v15,1,7076,,,NO_MANIFEST_DETECTED|NO_CHECKSUM_DETECTED
workspace:runs/jx_general_dynamics_registry_v16,ACTIVE_RUNS,WORKSPACE_DIRECTORY,UNREVIEWED_WORKSPACE_RECORD,REGISTRY_SNAPSHOT,GENERAL_DYNAMICS_REGISTRY,jx_general_dynamics_registry_v16,jx_general_dynamics_registry,runs/jx_general_dynamics_registry_v16,3,7816,,,NO_MANIFEST_DETECTED
workspace:runs/jx_general_dynamics_registry_v17,ACTIVE_RUNS,WORKSPACE_DIRECTORY,UNREVIEWED_WORKSPACE_RECORD,REGISTRY_SNAPSHOT,GENERAL_DYNAMICS_REGISTRY,jx_general_dynamics_registry_v17,jx_general_dynamics_registry,runs/jx_general_dynamics_registry_v17,3,7997,,,NO_MANIFEST_DETECTED
workspace:runs/jx_general_dynamics_registry_v18,ACTIVE_RUNS,WORKSPACE_DIRECTORY,UNREVIEWED_WORKSPACE_RECORD,REGISTRY_SNAPSHOT,GENERAL_DYNAMICS_REGISTRY,jx_general_dynamics_registry_v18,jx_general_dynamics_registry,runs/jx_general_dynamics_registry_v18,3,8257,,,NO_MANIFEST_DETECTED
workspace:runs/jx_general_dynamics_registry_v2,ACTIVE_RUNS,WORKSPACE_DIRECTORY,UNREVIEWED_WORKSPACE_RECORD,REGISTRY_SNAPSHOT,GENERAL_DYNAMICS_REGISTRY,jx_general_dynamics_registry_v2,jx_general_dynamics_registry,runs/jx_general_dynamics_registry_v2,1,4797,,,NO_MANIFEST_DETECTED|NO_CHECKSUM_DETECTED
workspace:runs/jx_general_dynamics_registry_v3,ACTIVE_RUNS,WORKSPACE_DIRECTORY,UNREVIEWED_WORKSPACE_RECORD,REGISTRY_SNAPSHOT,GENERAL_DYNAMICS_REGISTRY,jx_general_dynamics_registry_v3,jx_general_dynamics_registry,runs/jx_general_dynamics_registry_v3,1,4835,,,NO_MANIFEST_DETECTED|NO_CHECKSUM_DETECTED
workspace:runs/jx_general_dynamics_registry_v4,ACTIVE_RUNS,WORKSPACE_DIRECTORY,UNREVIEWED_WORKSPACE_RECORD,REGISTRY_SNAPSHOT,GENERAL_DYNAMICS_REGISTRY,jx_general_dynamics_registry_v4,jx_general_dynamics_registry,runs/jx_general_dynamics_registry_v4,1,4829,,,NO_MANIFEST_DETECTED|NO_CHECKSUM_DETECTED
workspace:runs/jx_general_dynamics_registry_v5,ACTIVE_RUNS,WORKSPACE_DIRECTORY,UNREVIEWED_WORKSPACE_RECORD,REGISTRY_SNAPSHOT,GENERAL_DYNAMICS_REGISTRY,jx_general_dynamics_registry_v5,jx_general_dynamics_registry,runs/jx_general_dynamics_registry_v5,1,5495,,,NO_MANIFEST_DETECTED|NO_CHECKSUM_DETECTED
workspace:runs/jx_general_dynamics_registry_v6,ACTIVE_RUNS,WORKSPACE_DIRECTORY,UNREVIEWED_WORKSPACE_RECORD,REGISTRY_SNAPSHOT,GENERAL_DYNAMICS_REGISTRY,jx_general_dynamics_registry_v6,jx_general_dynamics_registry,runs/jx_general_dynamics_registry_v6,1,5542,,,NO_MANIFEST_DETECTED|NO_CHECKSUM_DETECTED
workspace:runs/jx_general_dynamics_registry_v7,ACTIVE_RUNS,WORKSPACE_DIRECTORY,UNREVIEWED_WORKSPACE_RECORD,REGISTRY_SNAPSHOT,GENERAL_DYNAMICS_REGISTRY,jx_general_dynamics_registry_v7,jx_general_dynamics_registry,runs/jx_general_dynamics_registry_v7,1,5566,,,NO_MANIFEST_DETECTED|NO_CHECKSUM_DETECTED
workspace:runs/jx_general_dynamics_registry_v8,ACTIVE_RUNS,WORKSPACE_DIRECTORY,UNREVIEWED_WORKSPACE_RECORD,REGISTRY_SNAPSHOT,GENERAL_DYNAMICS_REGISTRY,jx_general_dynamics_registry_v8,jx_general_dynamics_registry,runs/jx_general_dynamics_registry_v8,1,5611,,,NO_MANIFEST_DETECTED|NO_CHECKSUM_DETECTED
workspace:runs/jx_general_dynamics_registry_v9,ACTIVE_RUNS,WORKSPACE_DIRECTORY,UNREVIEWED_WORKSPACE_RECORD,REGISTRY_SNAPSHOT,GENERAL_DYNAMICS_REGISTRY,jx_general_dynamics_registry_v9,jx_general_dynamics_registry,runs/jx_general_dynamics_registry_v9,1,5566,,,NO_MANIFEST_DETECTED|NO_CHECKSUM_DETECTED
workspace:runs/jx_gpu_cpu_parity_v1,ACTIVE_RUNS,WORKSPACE_DIRECTORY,UNREVIEWED_WORKSPACE_RECORD,RESULT_OR_VALIDATION_BUNDLE,INTEGRATOR_PERFORMANCE|GPU_CUDA,jx_gpu_cpu_parity_v1,jx_gpu_cpu_parity,runs/jx_gpu_cpu_parity_v1,48,1186955,,,
workspace:runs/jx_gpu_de440_external_epoch_validation_v1,ACTIVE_RUNS,WORKSPACE_DIRECTORY,UNREVIEWED_WORKSPACE_RECORD,RESULT_OR_VALIDATION_BUNDLE,SOLAR_SYSTEM_EPHEMERIS_RELATIVITY|GPU_CUDA,jx_gpu_de440_external_epoch_validation_v1,jx_gpu_de440_external_epoch_validation,runs/jx_gpu_de440_external_epoch_validation_v1,57,37892152,,,
workspace:runs/jx_gpu_de440_multi_epoch_long_ladder_v1,ACTIVE_RUNS,WORKSPACE_DIRECTORY,UNREVIEWED_WORKSPACE_RECORD,WORKSPACE_RECORD_UNCLASSIFIED,SOLAR_SYSTEM_EPHEMERIS_RELATIVITY|GPU_CUDA,jx_gpu_de440_multi_epoch_long_ladder_v1,jx_gpu_de440_multi_epoch_long_ladder,runs/jx_gpu_de440_multi_epoch_long_ladder_v1,38,34693698,,,NO_RESULT_OR_VALIDATION_DETECTED|NO_MANIFEST_DETECTED
workspace:runs/jx_gpu_eleven_body_10k_year_ensemble_v1,ACTIVE_RUNS,WORKSPACE_DIRECTORY,UNREVIEWED_WORKSPACE_RECORD,WORKSPACE_RECORD_UNCLASSIFIED,SOLAR_SYSTEM_EPHEMERIS_RELATIVITY|GPU_CUDA,jx_gpu_eleven_body_10k_year_ensemble_v1,jx_gpu_eleven_body_10k_year_ensemble,runs/jx_gpu_eleven_body_10k_year_ensemble_v1,0,0,,,EMPTY_DIRECTORY
workspace:runs/jx_gpu_eleven_body_secular_4p5gyr_v1,ACTIVE_RUNS,WORKSPACE_DIRECTORY,UNREVIEWED_WORKSPACE_RECORD,RESULT_OR_VALIDATION_BUNDLE,SOLAR_SYSTEM_EPHEMERIS_RELATIVITY|GPU_CUDA,jx_gpu_eleven_body_secular_4p5gyr_v1,jx_gpu_eleven_body_secular_4p5gyr,runs/jx_gpu_eleven_body_secular_4p5gyr_v1,20,540468,,,NO_MANIFEST_DETECTED
workspace:runs/jx_gpu_orbit_averaged_holdout_validation_v1,ACTIVE_RUNS,WORKSPACE_DIRECTORY,UNREVIEWED_WORKSPACE_RECORD,RESULT_OR_VALIDATION_BUNDLE,GPU_CUDA,jx_gpu_orbit_averaged_holdout_validation_v1,jx_gpu_orbit_averaged_holdout_validation,runs/jx_gpu_orbit_averaged_holdout_validation_v1,30,1608891,,,NO_MANIFEST_DETECTED
workspace:runs/jx_gpu_orbital_30day_resolution_v1,ACTIVE_RUNS,WORKSPACE_DIRECTORY,UNREVIEWED_WORKSPACE_RECORD,RESULT_OR_VALIDATION_BUNDLE,SOLAR_SYSTEM_EPHEMERIS_RELATIVITY|GPU_CUDA,jx_gpu_orbital_30day_resolution_v1,jx_gpu_orbital_30day_resolution,runs/jx_gpu_orbital_30day_resolution_v1,30,30596733,,,NO_MANIFEST_DETECTED
workspace:runs/jx_gpu_orbital_30day_resolution_v1_prereg,ACTIVE_RUNS,WORKSPACE_DIRECTORY,UNREVIEWED_WORKSPACE_RECORD,PREREGISTRATION,SOLAR_SYSTEM_EPHEMERIS_RELATIVITY|GPU_CUDA,jx_gpu_orbital_30day_resolution_v1_prereg,jx_gpu_orbital_30day_resolution,runs/jx_gpu_orbital_30day_resolution_v1_prereg,3,5412,,,NO_MANIFEST_DETECTED|NO_CHECKSUM_DETECTED
workspace:runs/jx_gpu_orbital_horizon_ladder_fused_v1,ACTIVE_RUNS,WORKSPACE_DIRECTORY,UNREVIEWED_WORKSPACE_RECORD,RESULT_OR_VALIDATION_BUNDLE,SOLAR_SYSTEM_EPHEMERIS_RELATIVITY|GPU_CUDA,jx_gpu_orbital_horizon_ladder_fused_v1,jx_gpu_orbital_horizon_ladder_fused,runs/jx_gpu_orbital_horizon_ladder_fused_v1,25,10277766,,,NO_MANIFEST_DETECTED
workspace:runs/jx_gpu_orbital_horizon_ladder_v1_prereg,ACTIVE_RUNS,WORKSPACE_DIRECTORY,UNREVIEWED_WORKSPACE_RECORD,PREREGISTRATION,SOLAR_SYSTEM_EPHEMERIS_RELATIVITY|GPU_CUDA,jx_gpu_orbital_horizon_ladder_v1_prereg,jx_gpu_orbital_horizon_ladder,runs/jx_gpu_orbital_horizon_ladder_v1_prereg,2,2928,,,NO_MANIFEST_DETECTED|NO_CHECKSUM_DETECTED
workspace:runs/jx_gpu_orbital_horizon_ladder_v1_prereg_r2,ACTIVE_RUNS,WORKSPACE_DIRECTORY,UNREVIEWED_WORKSPACE_RECORD,PREREGISTRATION,SOLAR_SYSTEM_EPHEMERIS_RELATIVITY|GPU_CUDA,jx_gpu_orbital_horizon_ladder_v1_prereg_r2,jx_gpu_orbital_horizon_ladder,runs/jx_gpu_orbital_horizon_ladder_v1_prereg_r2,2,3221,,,NO_MANIFEST_DETECTED|NO_CHECKSUM_DETECTED
workspace:runs/jx_gpu_orbital_horizon_ladder_v1_prereg_r3_fused,ACTIVE_RUNS,WORKSPACE_DIRECTORY,UNREVIEWED_WORKSPACE_RECORD,PREREGISTRATION,SOLAR_SYSTEM_EPHEMERIS_RELATIVITY|GPU_CUDA,jx_gpu_orbital_horizon_ladder_v1_prereg_r3_fused,jx_gpu_orbital_horizon_ladder,runs/jx_gpu_orbital_horizon_ladder_v1_prereg_r3_fused,3,4652,,,NO_MANIFEST_DETECTED|NO_CHECKSUM_DETECTED
workspace:runs/jx_gpu_orbital_kernel_optimization_v1,ACTIVE_RUNS,WORKSPACE_DIRECTORY,UNREVIEWED_WORKSPACE_RECORD,STOPPED_OR_NEGATIVE_RECORD,SOLAR_SYSTEM_EPHEMERIS_RELATIVITY|INTEGRATOR_PERFORMANCE|GPU_CUDA,jx_gpu_orbital_kernel_optimization_v1,jx_gpu_orbital_kernel_optimization,runs/jx_gpu_orbital_kernel_optimization_v1,11,137647,,,NO_MANIFEST_DETECTED|NO_CHECKSUM_DETECTED
workspace:runs/jx_gpu_orbital_kernel_optimization_v2,ACTIVE_RUNS,WORKSPACE_DIRECTORY,UNREVIEWED_WORKSPACE_RECORD,RESULT_OR_VALIDATION_BUNDLE,SOLAR_SYSTEM_EPHEMERIS_RELATIVITY|INTEGRATOR_PERFORMANCE|GPU_CUDA,jx_gpu_orbital_kernel_optimization_v2,jx_gpu_orbital_kernel_optimization,runs/jx_gpu_orbital_kernel_optimization_v2,11,12489942,,,NO_MANIFEST_DETECTED|NO_CHECKSUM_DETECTED
workspace:runs/jx_gpu_orbital_kernel_optimization_v3,ACTIVE_RUNS,WORKSPACE_DIRECTORY,UNREVIEWED_WORKSPACE_RECORD,STOPPED_OR_NEGATIVE_RECORD,SOLAR_SYSTEM_EPHEMERIS_RELATIVITY|INTEGRATOR_PERFORMANCE|GPU_CUDA,jx_gpu_orbital_kernel_optimization_v3,jx_gpu_orbital_kernel_optimization,runs/jx_gpu_orbital_kernel_optimization_v3,13,34282355,,,NO_MANIFEST_DETECTED|NO_CHECKSUM_DETECTED
workspace:runs/jx_gpu_rebound_global_symplectic_bridge_100yr_v1,ACTIVE_RUNS,WORKSPACE_DIRECTORY,UNREVIEWED_WORKSPACE_RECORD,STOPPED_OR_NEGATIVE_RECORD,INTEGRATOR_PERFORMANCE|GPU_CUDA,jx_gpu_rebound_global_symplectic_bridge_100yr_v1,jx_gpu_rebound_global_symplectic_bridge_100yr,runs/jx_gpu_rebound_global_symplectic_bridge_100yr_v1,29,1584302,,,NO_MANIFEST_DETECTED
workspace:runs/jx_gpu_rebound_symplectic_bridge_100yr_v1,ACTIVE_RUNS,WORKSPACE_DIRECTORY,UNREVIEWED_WORKSPACE_RECORD,RESULT_OR_VALIDATION_BUNDLE,INTEGRATOR_PERFORMANCE|GPU_CUDA,jx_gpu_rebound_symplectic_bridge_100yr_v1,jx_gpu_rebound_symplectic_bridge_100yr,runs/jx_gpu_rebound_symplectic_bridge_100yr_v1,4,13673,,,NO_MANIFEST_DETECTED|NO_CHECKSUM_DETECTED
workspace:runs/jx_gpu_scientific_ladder_v1,ACTIVE_RUNS,WORKSPACE_DIRECTORY,UNREVIEWED_WORKSPACE_RECORD,RESULT_OR_VALIDATION_BUNDLE,GPU_CUDA,jx_gpu_scientific_ladder_v1,jx_gpu_scientific_ladder,runs/jx_gpu_scientific_ladder_v1,102,2165996,,,
workspace:runs/jx_gpu_secular_nonlinear_bridge_100yr_v1,ACTIVE_RUNS,WORKSPACE_DIRECTORY,UNREVIEWED_WORKSPACE_RECORD,RESULT_OR_VALIDATION_BUNDLE,GPU_CUDA,jx_gpu_secular_nonlinear_bridge_100yr_v1,jx_gpu_secular_nonlinear_bridge_100yr,runs/jx_gpu_secular_nonlinear_bridge_100yr_v1,27,476606,,,NO_MANIFEST_DETECTED
workspace:runs/jx_lunar_coupled_deformable_screen_v1,ACTIVE_RUNS,WORKSPACE_DIRECTORY,UNREVIEWED_WORKSPACE_RECORD,WORKSPACE_RECORD_UNCLASSIFIED,LUNAR_EARTH_MOON,jx_lunar_coupled_deformable_screen_v1,jx_lunar_coupled_deformable_screen,runs/jx_lunar_coupled_deformable_screen_v1,3,4801,,,NO_PROTOCOL_DETECTED|NO_RESULT_OR_VALIDATION_DETECTED|NO_MANIFEST_DETECTED
workspace:runs/jx_lunar_deformation_geodetic_screen_v1,ACTIVE_RUNS,WORKSPACE_DIRECTORY,UNREVIEWED_WORKSPACE_RECORD,WORKSPACE_RECORD_UNCLASSIFIED,LUNAR_EARTH_MOON,jx_lunar_deformation_geodetic_screen_v1,jx_lunar_deformation_geodetic_screen,runs/jx_lunar_deformation_geodetic_screen_v1,3,2542,,,NO_PROTOCOL_DETECTED|NO_RESULT_OR_VALIDATION_DETECTED|NO_MANIFEST_DETECTED
workspace:runs/jx_lunar_endpoint_metric_oracle_r2,ACTIVE_RUNS,WORKSPACE_DIRECTORY,UNREVIEWED_WORKSPACE_RECORD,WORKSPACE_RECORD_UNCLASSIFIED,LUNAR_EARTH_MOON,jx_lunar_endpoint_metric_oracle_r2,jx_lunar_endpoint_metric_oracle,runs/jx_lunar_endpoint_metric_oracle_r2,1,16314,,,NO_PROTOCOL_DETECTED|NO_RESULT_OR_VALIDATION_DETECTED|NO_MANIFEST_DETECTED|NO_CHECKSUM_DETECTED
workspace:runs/jx_lunar_gpu_endpoint_witness_search_v1,ACTIVE_RUNS,WORKSPACE_DIRECTORY,UNREVIEWED_WORKSPACE_RECORD,RESULT_OR_VALIDATION_BUNDLE,LUNAR_EARTH_MOON|GPU_CUDA,jx_lunar_gpu_endpoint_witness_search_v1,jx_lunar_gpu_endpoint_witness_search,runs/jx_lunar_gpu_endpoint_witness_search_v1,7,13297,,,NO_MANIFEST_DETECTED
workspace:runs/jx_orbital_endpoint_stopping_certificate_v1,ACTIVE_RUNS,WORKSPACE_DIRECTORY,UNREVIEWED_WORKSPACE_RECORD,RESULT_OR_VALIDATION_BUNDLE,SOLAR_SYSTEM_EPHEMERIS_RELATIVITY,jx_orbital_endpoint_stopping_certificate_v1,jx_orbital_endpoint_stopping_certificate,runs/jx_orbital_endpoint_stopping_certificate_v1,29,71236650,,,NO_MANIFEST_DETECTED
workspace:runs/jx_orbital_endpoint_stopping_certificate_v1_prereg,ACTIVE_RUNS,WORKSPACE_DIRECTORY,UNREVIEWED_WORKSPACE_RECORD,PREREGISTRATION,SOLAR_SYSTEM_EPHEMERIS_RELATIVITY,jx_orbital_endpoint_stopping_certificate_v1_prereg,jx_orbital_endpoint_stopping_certificate,runs/jx_orbital_endpoint_stopping_certificate_v1_prereg,3,3678,,,NO_MANIFEST_DETECTED|NO_CHECKSUM_DETECTED
workspace:runs/jx_orbital_validation_ladder_v1,ACTIVE_RUNS,WORKSPACE_DIRECTORY,UNREVIEWED_WORKSPACE_RECORD,RESULT_OR_VALIDATION_BUNDLE,SOLAR_SYSTEM_EPHEMERIS_RELATIVITY,jx_orbital_validation_ladder_v1,jx_orbital_validation_ladder,runs/jx_orbital_validation_ladder_v1,11,454783,,,NO_PROTOCOL_DETECTED|NO_MANIFEST_DETECTED
workspace:runs/jx_orbital_validation_ladder_v2,ACTIVE_RUNS,WORKSPACE_DIRECTORY,UNREVIEWED_WORKSPACE_RECORD,RESULT_OR_VALIDATION_BUNDLE,SOLAR_SYSTEM_EPHEMERIS_RELATIVITY,jx_orbital_validation_ladder_v2,jx_orbital_validation_ladder,runs/jx_orbital_validation_ladder_v2,13,466316,,,NO_PROTOCOL_DETECTED|NO_MANIFEST_DETECTED
workspace:runs/jx_orbital_validation_ladder_v3,ACTIVE_RUNS,WORKSPACE_DIRECTORY,UNREVIEWED_WORKSPACE_RECORD,RESULT_OR_VALIDATION_BUNDLE,SOLAR_SYSTEM_EPHEMERIS_RELATIVITY,jx_orbital_validation_ladder_v3,jx_orbital_validation_ladder,runs/jx_orbital_validation_ladder_v3,99,58663023,,,NO_PROTOCOL_DETECTED
workspace:runs/jx_orbital_validation_ladder_v4,ACTIVE_RUNS,WORKSPACE_DIRECTORY,UNREVIEWED_WORKSPACE_RECORD,RESULT_OR_VALIDATION_BUNDLE,SOLAR_SYSTEM_EPHEMERIS_RELATIVITY,jx_orbital_validation_ladder_v4,jx_orbital_validation_ladder,runs/jx_orbital_validation_ladder_v4,103,58999305,,,NO_PROTOCOL_DETECTED
workspace:runs/jx_reacting_aerodynamics_air5_readiness_v1,ACTIVE_RUNS,WORKSPACE_DIRECTORY,UNREVIEWED_WORKSPACE_RECORD,RESULT_OR_VALIDATION_BUNDLE,REACTING_FLOW,jx_reacting_aerodynamics_air5_readiness_v1,jx_reacting_aerodynamics_air5_readiness,runs/jx_reacting_aerodynamics_air5_readiness_v1,30,2157190,,,NO_PROTOCOL_DETECTED|NO_MANIFEST_DETECTED
workspace:runs/jx_reacting_hydrodynamics_detonation_build_checkpoint_v1,ACTIVE_RUNS,WORKSPACE_DIRECTORY,UNREVIEWED_WORKSPACE_RECORD,WORKSPACE_RECORD_UNCLASSIFIED,REACTING_FLOW,jx_reacting_hydrodynamics_detonation_build_checkpoint_v1,jx_reacting_hydrodynamics_detonation_build_checkpoint,runs/jx_reacting_hydrodynamics_detonation_build_checkpoint_v1,5,13820,,,NO_PROTOCOL_DETECTED|NO_RESULT_OR_VALIDATION_DETECTED|NO_MANIFEST_DETECTED
workspace:runs/jx_reacting_hydrodynamics_qualification_v1,ACTIVE_RUNS,WORKSPACE_DIRECTORY,UNREVIEWED_WORKSPACE_RECORD,RESULT_OR_VALIDATION_BUNDLE,REACTING_FLOW,jx_reacting_hydrodynamics_qualification_v1,jx_reacting_hydrodynamics_qualification,runs/jx_reacting_hydrodynamics_qualification_v1,396,92053630,,,
workspace:runs/jx_reacting_hydrodynamics_reality_v1,ACTIVE_RUNS,WORKSPACE_DIRECTORY,UNREVIEWED_WORKSPACE_RECORD,RESULT_OR_VALIDATION_BUNDLE,REACTING_FLOW,jx_reacting_hydrodynamics_reality_v1,jx_reacting_hydrodynamics_reality,runs/jx_reacting_hydrodynamics_reality_v1,33,13578100,,,
workspace:runs/jx_reacting_hydrodynamics_smoke_v1,ACTIVE_RUNS,WORKSPACE_DIRECTORY,UNREVIEWED_WORKSPACE_RECORD,RESULT_OR_VALIDATION_BUNDLE,REACTING_FLOW,jx_reacting_hydrodynamics_smoke_v1,jx_reacting_hydrodynamics_smoke,runs/jx_reacting_hydrodynamics_smoke_v1,75,2072914,,,
workspace:runs/jx_reph_v1_r0_execution_20260919T205510Z,ACTIVE_RUNS,WORKSPACE_DIRECTORY,UNREVIEWED_WORKSPACE_RECORD,EXECUTION_RECORD,OTHER,jx_reph_v1_r0_execution_20260919T205510Z,jx_reph_v1_r0_execution_20260919T205510Z,runs/jx_reph_v1_r0_execution_20260919T205510Z,21,496608,,,NO_PROTOCOL_DETECTED|NO_MANIFEST_DETECTED|NO_CHECKSUM_DETECTED
workspace:runs/jx_reph_v1_r0_source_closed_100y,ACTIVE_RUNS,WORKSPACE_DIRECTORY,UNREVIEWED_WORKSPACE_RECORD,STOPPED_OR_NEGATIVE_RECORD,OTHER,jx_reph_v1_r0_source_closed_100y,jx_reph_v1_r0_source_closed_100y,runs/jx_reph_v1_r0_source_closed_100y,63,15207460,,,
workspace:runs/jx_rotation_interval_01,ACTIVE_RUNS,WORKSPACE_DIRECTORY,UNREVIEWED_WORKSPACE_RECORD,WORKSPACE_RECORD_UNCLASSIFIED,LUNAR_EARTH_MOON,jx_rotation_interval_01,jx_rotation_interval_01,runs/jx_rotation_interval_01,1,10968,,,NO_RESULT_OR_VALIDATION_DETECTED|NO_MANIFEST_DETECTED|NO_CHECKSUM_DETECTED
workspace:runs/jx_sn_hydro_01_final_caps,ACTIVE_RUNS,WORKSPACE_DIRECTORY,UNREVIEWED_WORKSPACE_RECORD,WORKSPACE_RECORD_UNCLASSIFIED,REACTING_FLOW,jx_sn_hydro_01_final_caps,jx_sn_hydro_01_final_caps,runs/jx_sn_hydro_01_final_caps,4,15794,,,NO_PROTOCOL_DETECTED|NO_RESULT_OR_VALIDATION_DETECTED|NO_MANIFEST_DETECTED
workspace:runs/jx_sn_hydro_01_prereg,ACTIVE_RUNS,WORKSPACE_DIRECTORY,UNREVIEWED_WORKSPACE_RECORD,PREREGISTRATION,REACTING_FLOW,jx_sn_hydro_01_prereg,jx_sn_hydro_01,runs/jx_sn_hydro_01_prereg,10,67040,,,NO_MANIFEST_DETECTED
workspace:runs/planet_x_survey_model_comparison_v1,ACTIVE_RUNS,WORKSPACE_DIRECTORY,UNREVIEWED_WORKSPACE_RECORD,DATASET_OR_REFERENCE,PLANET_X_SURVEY,planet_x_survey_model_comparison_v1,planet_x_survey_model_comparison,runs/planet_x_survey_model_comparison_v1,5,40010,,,NO_CHECKSUM_DETECTED
workspace:runs/survey_selection_o1,ACTIVE_RUNS,WORKSPACE_DIRECTORY,UNREVIEWED_WORKSPACE_RECORD,RESULT_OR_VALIDATION_BUNDLE,PLANET_X_SURVEY,survey_selection_o1,survey_selection_o1,runs/survey_selection_o1,20,155731,,,NO_PROTOCOL_DETECTED|NO_MANIFEST_DETECTED|NO_CHECKSUM_DETECTED
workspace:runs/v5_solar_1pn_execution_prerequisites_v1,ACTIVE_RUNS,WORKSPACE_DIRECTORY,UNREVIEWED_WORKSPACE_RECORD,EXECUTION_RECORD,SOLAR_SYSTEM_EPHEMERIS_RELATIVITY,v5_solar_1pn_execution_prerequisites_v1,v5_solar_1pn_execution_prerequisites,runs/v5_solar_1pn_execution_prerequisites_v1,6,57517,,,NO_PROTOCOL_DETECTED|NO_RESULT_OR_VALIDATION_DETECTED|NO_MANIFEST_DETECTED|NO_CHECKSUM_DETECTED
workspace:runs/v5_solar_1pn_preexecution_handoff_v1,ACTIVE_RUNS,WORKSPACE_DIRECTORY,UNREVIEWED_WORKSPACE_RECORD,EXECUTION_RECORD,SOLAR_SYSTEM_EPHEMERIS_RELATIVITY,v5_solar_1pn_preexecution_handoff_v1,v5_solar_1pn_preexecution_handoff,runs/v5_solar_1pn_preexecution_handoff_v1,3,83541,,,NO_PROTOCOL_DETECTED|NO_RESULT_OR_VALIDATION_DETECTED|NO_MANIFEST_DETECTED|NO_CHECKSUM_DETECTED
workspace:runs/v5_solar_1pn_q2_observer_registration_v1,ACTIVE_RUNS,WORKSPACE_DIRECTORY,UNREVIEWED_WORKSPACE_RECORD,WORKSPACE_RECORD_UNCLASSIFIED,SOLAR_SYSTEM_EPHEMERIS_RELATIVITY,v5_solar_1pn_q2_observer_registration_v1,v5_solar_1pn_q2_observer_registration,runs/v5_solar_1pn_q2_observer_registration_v1,4,66954,,,NO_PROTOCOL_DETECTED|NO_RESULT_OR_VALIDATION_DETECTED|NO_MANIFEST_DETECTED|NO_CHECKSUM_DETECTED
workspace:runs/v5_solar_1pn_qualification,ACTIVE_RUNS,WORKSPACE_DIRECTORY,UNREVIEWED_WORKSPACE_RECORD,RESULT_OR_VALIDATION_BUNDLE,SOLAR_SYSTEM_EPHEMERIS_RELATIVITY,v5_solar_1pn_qualification,v5_solar_1pn_qualification,runs/v5_solar_1pn_qualification,17,6498713,,,NO_PROTOCOL_DETECTED|NO_MANIFEST_DETECTED|NO_CHECKSUM_DETECTED
workspace:runs/v5_solar_1pn_qualification_q8q9_prerequisites_v1,ACTIVE_RUNS,WORKSPACE_DIRECTORY,UNREVIEWED_WORKSPACE_RECORD,WORKSPACE_RECORD_UNCLASSIFIED,SOLAR_SYSTEM_EPHEMERIS_RELATIVITY,v5_solar_1pn_qualification_q8q9_prerequisites_v1,v5_solar_1pn_qualification_q8q9_prerequisites,runs/v5_solar_1pn_qualification_q8q9_prerequisites_v1,5,115048,,,NO_PROTOCOL_DETECTED|NO_RESULT_OR_VALIDATION_DETECTED|NO_MANIFEST_DETECTED|NO_CHECKSUM_DETECTED
workspace:runs/v5_solar_1pn_qualification_successor_v2,ACTIVE_RUNS,WORKSPACE_DIRECTORY,UNREVIEWED_WORKSPACE_RECORD,RESULT_OR_VALIDATION_BUNDLE,SOLAR_SYSTEM_EPHEMERIS_RELATIVITY,v5_solar_1pn_qualification_successor_v2,v5_solar_1pn_qualification_successor,runs/v5_solar_1pn_qualification_successor_v2,3,102124,,,NO_PROTOCOL_DETECTED|NO_MANIFEST_DETECTED|NO_CHECKSUM_DETECTED
workspace:runs/yoshida6_reproduction.json,ACTIVE_RUNS,WORKSPACE_LOOSE_FILE,UNREVIEWED_WORKSPACE_RECORD,RESULT_OR_VALIDATION_BUNDLE,RELEASE_REPRODUCIBILITY,yoshida6_reproduction.json,yoshida6_reproduction,runs/yoshida6_reproduction.json,1,16215,,,NO_PROTOCOL_DETECTED|NO_MANIFEST_DETECTED|NO_CHECKSUM_DETECTED
