jd_tdb,body_id,body_name,heliocentric_position_residual_AU,heliocentric_velocity_residual_AU_per_day
2461200.5,1,Mercury Barycenter,0.0,0.0
2461200.5,2,Venus Barycenter,0.0,0.0
2461200.5,3,Earth-Moon Barycenter,0.0,0.0
2461200.5,4,Mars Barycenter,0.0,0.0
2461200.5,5,Jupiter Barycenter,0.0,0.0
2461200.5,6,Saturn Barycenter,0.0,0.0
2461200.5,7,Uranus Barycenter,0.0,0.0
2461200.5,8,Neptune Barycenter,0.0,0.0
2461200.5,9,Pluto Barycenter,0.0,0.0
2461200.5,10,Sun,0.0,0.0
2461565.75,1,Mercury Barycenter,8.195860180469902e-07,6.210638362421216e-08
2461565.75,2,Venus Barycenter,6.608495132526934e-07,1.7886976879044624e-08
2461565.75,3,Earth-Moon Barycenter,4.379642266265935e-07,7.355957170326861e-09
2461565.75,4,Mars Barycenter,2.650180940130934e-07,2.263226660035191e-09
2461565.75,5,Jupiter Barycenter,2.1636964080731752e-09,1.0180765401063105e-11
2461565.75,6,Saturn Barycenter,1.330988017608729e-09,7.808210341304851e-12
2461565.75,7,Uranus Barycenter,1.2617013038441146e-09,7.0136223331584685e-12
2461565.75,8,Neptune Barycenter,1.3788290568825265e-09,8.183078862983304e-12
2461565.75,9,Pluto Barycenter,2.1143932455712762e-09,1.2012554965482694e-11
2461565.75,10,Sun,0.0,0.0
2461931.0,1,Mercury Barycenter,1.5467508069933244e-06,1.187212093556621e-07
2461931.0,2,Venus Barycenter,1.161893150898129e-06,3.325805924287898e-08
2461931.0,3,Earth-Moon Barycenter,8.759559152088441e-07,1.4663811186982453e-08
2461931.0,4,Mars Barycenter,4.98636142448849e-07,4.833614497676367e-09
2461931.0,5,Jupiter Barycenter,7.07458361984077e-09,1.8441830541610955e-11
2461931.0,6,Saturn Barycenter,5.324916787364758e-09,1.5760181807618402e-11
2461931.0,7,Uranus Barycenter,4.454963989792976e-09,1.2203722572624953e-11
2461931.0,8,Neptune Barycenter,5.654026137820976e-09,1.6501889596221762e-11
2461931.0,9,Pluto Barycenter,8.18438901290799e-09,2.1188951907024637e-11
2461931.0,10,Sun,0.0,0.0
2462296.25,1,Mercury Barycenter,3.2660755817694974e-06,2.3038021042292188e-07
2462296.25,2,Venus Barycenter,1.9161505883561662e-06,5.3181227828512044e-08
2462296.25,3,Earth-Moon Barycenter,1.314406771069416e-06,2.1736632921038636e-08
2462296.25,4,Mars Barycenter,7.664487775746895e-07,6.681434289247091e-09
2462296.25,5,Jupiter Barycenter,1.767162572162181e-08,4.262907457245446e-11
2462296.25,6,Saturn Barycenter,1.0550307718504382e-08,1.917014662470384e-11
2462296.25,7,Uranus Barycenter,7.809281158127028e-09,1.2973705470195379e-11
2462296.25,8,Neptune Barycenter,1.1289246364662565e-08,1.8827002371864737e-11
2462296.25,9,Pluto Barycenter,1.5585044273766314e-08,2.131454324908577e-11
2462296.25,10,Sun,0.0,0.0
2462661.5,1,Mercury Barycenter,6.5745496875163825e-06,4.989449959948819e-07
2462661.5,2,Venus Barycenter,2.4420813818323683e-06,6.810339555033056e-08
2462661.5,3,Earth-Moon Barycenter,1.7523100506705267e-06,2.920397040652133e-08
2462661.5,4,Mars Barycenter,9.354235109989395e-07,8.837891246773903e-09
2462661.5,5,Jupiter Barycenter,3.902085434213288e-08,8.038163822526722e-11
2462661.5,6,Saturn Barycenter,1.5274368872282265e-08,1.7967241553760146e-11
2462661.5,7,Uranus Barycenter,9.802613366626762e-09,9.623061980880906e-12
2462661.5,8,Neptune Barycenter,1.6244967900303525e-08,1.4810668985029582e-11
2462661.5,9,Pluto Barycenter,2.2302824444601196e-08,1.8640034238203217e-11
2462661.5,10,Sun,0.0,0.0
2463026.75,1,Mercury Barycenter,1.0022466823000174e-05,8.584527777539784e-07
2463026.75,2,Venus Barycenter,3.03986888744763e-06,8.562960960444789e-08
2463026.75,3,Earth-Moon Barycenter,2.190971304269517e-06,3.650378916286111e-08
2463026.75,4,Mars Barycenter,1.3318540850881025e-06,1.1912857806820688e-08
2463026.75,5,Jupiter Barycenter,7.212676476486212e-08,1.2742902455597368e-10
2463026.75,6,Saturn Barycenter,1.8731727111220205e-08,1.2421783834065121e-11
2463026.75,7,Uranus Barycenter,9.948288634682696e-09,2.489807578298162e-12
2463026.75,8,Neptune Barycenter,1.9974069028002915e-08,1.0293810120993925e-11
2463026.75,9,Pluto Barycenter,2.962738621942128e-08,2.583885320164277e-11
2463026.75,10,Sun,0.0,0.0
2463392.0,1,Mercury Barycenter,9.554576672791388e-06,7.155796935984399e-07
2463392.0,2,Venus Barycenter,3.7900322989091677e-06,1.0539015753011836e-07
2463392.0,3,Earth-Moon Barycenter,2.629517499130148e-06,4.3740461467281407e-08
2463392.0,4,Mars Barycenter,1.3294447941272462e-06,1.2264539652002162e-08
2463392.0,5,Jupiter Barycenter,1.136754857847539e-07,1.783831702986045e-10
2463392.0,6,Saturn Barycenter,2.2325813843688293e-08,1.4491709031544466e-11
2463392.0,7,Uranus Barycenter,1.0499337933454376e-08,7.150319144215411e-12
2463392.0,8,Neptune Barycenter,2.5355913395960948e-08,2.1182932046942016e-11
2463392.0,9,Pluto Barycenter,4.1327057779710046e-08,3.926142886201747e-11
2463392.0,10,Sun,0.0,0.0
2463757.25,1,Mercury Barycenter,7.337127975411777e-06,5.181851105540384e-07
2463757.25,2,Venus Barycenter,4.213803240079309e-06,1.1803184416789801e-07
2463757.25,3,Earth-Moon Barycenter,3.0663944810909724e-06,5.083884461859839e-08
2463757.25,4,Mars Barycenter,1.9526837521374043e-06,1.803971414106092e-08
2463757.25,5,Jupiter Barycenter,1.5657041169513237e-07,2.2744318906013576e-10
2463757.25,6,Saturn Barycenter,2.903769778766226e-08,2.535235150036248e-11
2463757.25,7,Uranus Barycenter,1.4467408294247724e-08,1.398244209210535e-11
2463757.25,8,Neptune Barycenter,3.5026616681036813e-08,3.0191746786928286e-11
2463757.25,9,Pluto Barycenter,5.684592925041387e-08,4.387583939923692e-11
2463757.25,10,Sun,0.0,0.0
2464122.5,1,Mercury Barycenter,6.161277188546127e-06,4.7012471328011515e-07
2464122.5,2,Venus Barycenter,4.977794223425867e-06,1.395782441880142e-07
2464122.5,3,Earth-Moon Barycenter,3.503072719579191e-06,5.8334358610221454e-08
2464122.5,4,Mars Barycenter,1.7056253741343684e-06,1.5457866943622674e-08
2464122.5,5,Jupiter Barycenter,1.9351303089791747e-07,2.684869184520816e-10
2464122.5,6,Saturn Barycenter,3.716831409065561e-08,3.099886502906256e-11
2464122.5,7,Uranus Barycenter,1.8806715437022278e-08,1.4084041532655394e-11
2464122.5,8,Neptune Barycenter,4.55988856375852e-08,2.9333930131219464e-11
2464122.5,9,Pluto Barycenter,7.230955337203794e-08,4.241274087357392e-11
2464122.5,10,Sun,0.0,0.0
2464487.75,1,Mercury Barycenter,7.816114968647821e-06,5.725729937296416e-07
2464487.75,2,Venus Barycenter,5.58502932399311e-06,1.5553057843462777e-07
2464487.75,3,Earth-Moon Barycenter,3.942062094479394e-06,6.563758295675994e-08
2464487.75,4,Mars Barycenter,2.621894449731789e-06,2.4975113275139393e-08
2464487.75,5,Jupiter Barycenter,2.1813434146310373e-07,2.907045121097115e-10
2464487.75,6,Saturn Barycenter,4.4197272944142015e-08,3.235471962473359e-11
2464487.75,7,Uranus Barycenter,2.156775359681677e-08,1.1207044358033613e-11
2464487.75,8,Neptune Barycenter,5.5141993628565005e-08,2.6678347940922316e-11
2464487.75,9,Pluto Barycenter,8.793062987282544e-08,4.5587873860609683e-11
2464487.75,10,Sun,0.0,0.0
2464853.0,1,Mercury Barycenter,1.2972383140114755e-05,9.192638903444105e-07
2464853.0,2,Venus Barycenter,6.0469313667267485e-06,1.6953268901799204e-07
2464853.0,3,Earth-Moon Barycenter,4.379136162431449e-06,7.28167627678131e-08
2464853.0,4,Mars Barycenter,2.0784220427728388e-06,1.8654826966044072e-08
2464853.0,5,Jupiter Barycenter,2.2461094883525834e-07,2.9457563884382634e-10
2464853.0,6,Saturn Barycenter,4.933725730401487e-08,2.965096559335873e-11
2464853.0,7,Uranus Barycenter,2.2937821049353697e-08,5.424789556055507e-12
2464853.0,8,Neptune Barycenter,6.444672481005433e-08,2.7680857722376275e-11
2464853.0,9,Pluto Barycenter,1.0574075684619067e-07,5.464627030185701e-11
2464853.0,10,Sun,0.0,0.0
