run,jd_tdb,body_id,body_name,x,y,z,vx,vy,vz
coarse,2461200.500000000,1,Mercury Barycenter,-3.96531288973726526e-01,-7.54941307570995007e-02,1.18387250629883910e-03,-1.37822465888266603e-03,-2.35625064760000315e-02,-1.24439850660629896e-02
coarse,2461200.500000000,2,Venus Barycenter,-7.13052345977467250e-01,7.14421460317734847e-02,7.73356075456384101e-02,-2.96593343106500620e-03,-1.84096719343168000e-02,-8.09595670192954017e-03
coarse,2461200.500000000,3,Earth-Moon Barycenter,-2.15896673178703008e-01,-9.15353726151446057e-01,-3.96668770607229215e-01,1.65454405170317002e-02,-3.38436546789526579e-03,-1.46731138618456697e-03
coarse,2461200.500000000,4,Mars Barycenter,1.30738188433033997e+00,5.05060828814381302e-01,1.96589868240113097e-01,-4.85104240227087792e-03,1.27806402915100394e-02,5.99301515949689570e-03
coarse,2461200.500000000,5,Jupiter Barycenter,-2.79157770400774297e+00,4.07803424106046641e+00,1.81595581702779008e+00,-6.48817261988174528e-03,-3.40785345882324087e-03,-1.30274075240449693e-03
coarse,2461200.500000000,6,Saturn Barycenter,9.39045264621531217e+00,1.19755993947181394e+00,9.01859651785655442e-02,-9.76119455088573715e-04,5.09317810374493134e-03,2.14576639000535084e-03
coarse,2461200.500000000,7,Uranus Barycenter,9.32867865570668187e+00,1.56877546290727405e+01,6.73886314070824444e+00,-3.48051050506505187e-03,1.54155866457534002e-03,7.24381784806699949e-04
coarse,2461200.500000000,8,Neptune Barycenter,2.98529954912658511e+01,1.21352166451335597e+00,-2.46533751761997294e-01,-1.27354651048101593e-04,2.92019810929220998e-03,1.19842322965262905e-03
coarse,2461200.500000000,9,Pluto Barycenter,1.96559259662743813e+01,-2.60549310296356111e+01,-1.40532194417267604e+01,2.70088474840246388e-03,1.30949220344618003e-03,-4.05114547677290601e-04
coarse,2461200.500000000,10,Sun,-1.96318273687386916e-03,-4.98118159482131319e-03,-2.04017867860245301e-03,6.59117748920382712e-06,1.63511433888945209e-06,5.61441535551607376e-07
coarse,2461565.750000000,1,Mercury Barycenter,-2.79116025289752823e-01,-3.32501001226577331e-01,-1.48222367936164945e-01,1.65321596157993016e-02,-1.34977408747213347e-02,-8.92393744522616134e-03
coarse,2461565.750000000,2,Venus Barycenter,5.86596600737266161e-01,3.95473240020708161e-01,1.40983579079539123e-01,-1.18916962889105190e-02,1.46118680547783035e-02,7.32745255480954025e-03
coarse,2461565.750000000,3,Earth-Moon Barycenter,-2.13905022406008866e-01,-9.14339770341174418e-01,-3.96273950862368884e-01,1.65421384511461218e-02,-3.38298578437979660e-03,-1.46666026301396006e-03
coarse,2461565.750000000,4,Mars Barycenter,-1.53303295749517376e+00,-4.98733051604152211e-01,-1.87245607240714262e-01,5.08045430158411346e-03,-1.08878912143634144e-02,-5.13117159576673924e-03
coarse,2461565.750000000,5,Jupiter Barycenter,-4.69930390690151434e+00,2.35964636250369519e+00,1.12585375585369007e+00,-3.75774962586406013e-03,-5.77091389416562687e-03,-2.38207948302425043e-03
coarse,2461565.750000000,6,Saturn Barycenter,8.81658367639833962e+00,3.01505704451457301e+00,8.65614727735330658e-01,-2.16069107632682134e-03,4.81800507480536003e-03,2.08312412729765896e-03
coarse,2461565.750000000,7,Uranus Barycenter,8.03346869008164255e+00,1.62080992934827677e+01,6.98507652609394469e+00,-3.60869344042740467e-03,1.30601803216363302e-03,6.23033188977026244e-04
coarse,2461565.750000000,8,Neptune Barycenter,2.97843684681849936e+01,2.27896129574301076e+00,1.91264826682984779e-01,-2.48393953145223465e-04,2.91311034110251603e-03,1.19853522569067180e-03
coarse,2461565.750000000,9,Pluto Barycenter,2.06336850802880925e+01,-2.55653138163565927e+01,-1.41950200688339141e+01,2.65281498234980423e-03,1.37109124661632638e-03,-3.71407133511431596e-04
coarse,2461565.750000000,10,Sun,8.01520594900912938e-05,-3.93811368209802046e-03,-1.63627302028641463e-03,4.35035656923699833e-06,3.90579405541997935e-06,1.57956265129800189e-06
coarse,2461931.000000000,1,Mercury Barycenter,-4.47478537358631748e-03,-4.11813782754847257e-01,-2.19142262731878756e-01,2.24905833140189547e-02,1.79846991658710680e-03,-1.37039696771288082e-03
coarse,2461931.000000000,2,Venus Barycenter,-9.63746559380339179e-02,-6.61091983279339601e-01,-2.91231268689562839e-01,1.99089080879193969e-02,-2.08643152600055662e-03,-2.19846237254176305e-03
coarse,2461931.000000000,3,Earth-Moon Barycenter,-2.13002736851785418e-01,-9.12666949153142504e-01,-3.95576669701664607e-01,1.65382912060114858e-02,-3.38412068261471346e-03,-1.46707500925638860e-03
coarse,2461931.000000000,4,Mars Barycenter,9.82981649763212117e-01,9.98805115271358401e-01,4.31754399596674887e-01,-9.86727499825291315e-03,9.50792306210385997e-03,4.62706435404580587e-03
coarse,2461931.000000000,5,Jupiter Barycenter,-5.44050980792323635e+00,4.87710740345145416e-02,1.53398811882538205e-01,-2.37213401329855694e-04,-6.61423585261954310e-03,-2.82925120781430620e-03
coarse,2461931.000000000,6,Saturn Barycenter,7.81992935894512264e+00,4.68729685900518778e+00,1.59925489744318239e+00,-3.28054116061689879e-03,4.29844001933638292e-03,1.91675437956369417e-03
coarse,2461931.000000000,7,Uranus Barycenter,6.69476480507766247e+00,1.66406397566321189e+01,7.19344861117958789e+00,-3.71850687745779902e-03,1.06094472370112667e-03,5.17248648698122229e-04
coarse,2461931.000000000,8,Neptune Barycenter,2.96715788088680199e+01,3.34102258003536212e+00,6.28780000704038056e-01,-3.69144900443977696e-04,2.90170087426574975e-03,1.19687127587396643e-03
coarse,2461931.000000000,9,Pluto Barycenter,2.15936555578233182e+01,-2.50536498452359560e+01,-1.43245805542836866e+01,2.60349855782423568e-03,1.43021839736263761e-03,-3.38095516182103362e-04
coarse,2461931.000000000,10,Sun,1.13784689293397814e-03,-2.28126823062243167e-03,-9.48289386917888408e-04,1.24614524659155197e-06,4.90257185024218327e-06,2.07770165820792362e-06
coarse,2462296.250000000,1,Mercury Barycenter,2.69130551838800636e-01,-2.78344870891079010e-01,-1.76385436502739273e-01,1.61043176148250831e-02,1.76332731124918297e-02,7.75036784432243161e-03
coarse,2462296.250000000,2,Venus Barycenter,-4.28566327855243900e-01,5.13919556005711597e-01,2.58479056484500480e-01,-1.62734417988273788e-02,-1.15124424828572380e-02,-4.15101422519322753e-03
coarse,2462296.250000000,3,Earth-Moon Barycenter,-2.13212807700009832e-01,-9.10894162664295126e-01,-3.94812220542675452e-01,1.65349959340955685e-02,-3.38674448380799119e-03,-1.46814219103652186e-03
coarse,2462296.250000000,4,Mars Barycenter,-1.21359381610518380e+00,-9.25863291576547232e-01,-3.91871908989826490e-01,9.44081359137660496e-03,-8.61822303334907648e-03,-4.20773745768240892e-03
coarse,2462296.250000000,5,Jupiter Barycenter,-4.87367470528882940e+00,-2.27620596041781909e+00,-8.56942745071723855e-01,3.27653251959164182e-03,-5.85675942261238910e-03,-2.59011418185652173e-03
coarse,2462296.250000000,6,Saturn Barycenter,6.43595851786284978e+00,6.12669328408029212e+00,2.25340352468679583e+00,-4.27055671135429058e-03,3.54640937304626265e-03,1.64877783385224521e-03
coarse,2462296.250000000,7,Uranus Barycenter,5.31945204096780433e+00,1.69820932779223099e+01,7.36244378867431504e+00,-3.80899898058098887e-03,8.07446742584903257e-04,4.07499584027536371e-04
coarse,2462296.250000000,8,Neptune Barycenter,2.95147660444074589e+01,4.39812908238716371e+00,1.06536310821232338e+00,-4.89420091452289928e-04,2.88598192369450167e-03,1.19343174858122783e-03
coarse,2462296.250000000,9,Pluto Barycenter,2.25354025431494449e+01,-2.45208365157704087e+01,-1.44420500037003219e+01,2.55304652240590998e-03,1.48690431838010054e-03,-3.05203987628871736e-04
coarse,2462296.250000000,10,Sun,1.06189509886398491e-03,-5.44553557985953912e-04,-2.01596321509891748e-04,-1.73216461845342657e-06,4.43251409913409032e-06,1.93707482152966843e-06
coarse,2462661.500000000,1,Mercury Barycenter,3.49386444446297129e-01,3.13368945753325426e-02,-1.94945606852395363e-02,-7.05742266689252887e-03,2.57144485447195897e-02,1.44676806806875672e-02
coarse,2462661.500000000,2,Venus Barycenter,7.17893198308338643e-01,-7.97934567682097029e-02,-8.12852995021479535e-02,2.86453344125800957e-03,1.82328195281471032e-02,8.02305710701529777e-03
coarse,2462661.500000000,3,Earth-Moon Barycenter,-2.14307943673106821e-01,-9.09565686049772615e-01,-3.94215845482470795e-01,1.65329068255094212e-02,-3.38929550723861359e-03,-1.46919236061789733e-03
coarse,2462661.500000000,4,Mars Barycenter,4.81840939567843907e-01,1.31941046771152748e+00,5.92224901076118138e-01,-1.27516397024828049e-02,4.98508887725459659e-03,2.63030582531317836e-03
coarse,2462661.500000000,5,Jupiter Barycenter,-3.13792345494767133e+00,-4.05382543065576506e+00,-1.66112856782752405e+00,6.04557792981337550e-03,-3.66325429752967311e-03,-1.71733163128409130e-03
coarse,2462661.500000000,6,Saturn Barycenter,4.72394486483739851e+00,7.25314109039773669e+00,2.79242157568945260e+00,-5.06651418444925648e-03,2.59122593593115675e-03,1.28853299751312896e-03
coarse,2462661.500000000,7,Uranus Barycenter,3.91475194489399758e+00,1.72296013686124425e+01,7.49070742749249074e+00,-3.87928094631632405e-03,5.46738872776641387e-04,2.94305468091879570e-04
coarse,2462661.500000000,8,Neptune Barycenter,2.93141381105883845e+01,5.44870982898734901e+00,1.50036601940313874e+00,-6.09032709237755784e-04,2.86597119716264746e-03,1.18821920829301122e-03
coarse,2462661.500000000,9,Pluto Barycenter,2.34585305259731172e+01,-2.39677591804115515e+01,-1.45475857542033822e+01,2.50156336170286389e-03,1.54118431332246988e-03,-2.72753300489788362e-04
coarse,2462661.500000000,10,Sun,-3.76460108343066422e-05,7.66409919510947215e-04,3.84610326635966395e-04,-4.17507650636691960e-06,2.54512458604152412e-06,1.17882969324430471e-06
coarse,2463026.750000000,1,Mercury Barycenter,4.96519588233058917e-02,2.70871399840217353e-01,1.39334772473250795e-01,-3.33851504669505916e-02,3.87536140210951530e-03,5.52941768301786363e-03
coarse,2463026.750000000,2,Venus Barycenter,-5.70640107997453017e-01,-4.18108687587027572e-01,-1.52088748328289447e-01,1.23226295201299130e-02,-1.43266566141924435e-02,-7.22659383292971989e-03
coarse,2463026.750000000,3,Earth-Moon Barycenter,-2.16171132529767829e-01,-9.09090682946294026e-01,-3.93974573502824221e-01,1.65312642739813657e-02,-3.39365469355847396e-03,-1.47103405693847842e-03
coarse,2463026.750000000,4,Mars Barycenter,-7.26774570662146346e-01,-1.22231675807587137e+00,-5.41045855870851855e-01,1.28252100012159215e-02,-4.84435123109009259e-03,-2.56782523166561869e-03
coarse,2463026.750000000,5,Jupiter Barycenter,-6.29736143504364465e-01,-4.82520855527493886e+00,-2.05282073303133172e+00,7.40352676175068825e-03,-4.36455634102518087e-04,-3.67305553656144810e-04
coarse,2463026.750000000,6,Saturn Barycenter,2.76544932847986713e+00,8.00053141990030880e+00,3.18548998370061742e+00,-5.61180546128135695e-03,1.48008722681315609e-03,8.53072666482419242e-04
coarse,2463026.750000000,7,Uranus Barycenter,2.48819716388912804e+00,1.73807685987283094e+01,7.57708340156465088e+00,-3.92854037778795056e-03,2.80141937956379964e-04,1.78233863339566584e-04
coarse,2463026.750000000,8,Neptune Barycenter,2.90699707757671035e+01,6.49120132779628367e+00,1.93314195695634150e+00,-7.27798446582543068e-04,2.84169195857516795e-03,1.18123851035937351e-03
coarse,2463026.750000000,9,Pluto Barycenter,2.43626811006170563e+01,-2.33952894765861146e+01,-1.46413520756326072e+01,2.44914802357182326e-03,1.59309808420011090e-03,-2.40760720969278194e-04
coarse,2463026.750000000,10,Sun,-1.79407686378638197e-03,1.23055113125310417e-03,6.20665525188672344e-04,-5.33450507257803233e-06,-1.18736163435493805e-07,6.02505846749833381e-08
coarse,2463392.000000000,1,Mercury Barycenter,-3.28945644722260566e-01,1.13083482131058247e-01,9.41839457099133137e-02,-1.69588889094514847e-02,-2.24234889828514410e-02,-1.02216652303319978e-02
coarse,2463392.000000000,2,Venus Barycenter,9.87856596262992048e-02,6.53071388791478857e-01,2.87512413228964814e-01,-2.00933520253863546e-02,2.06647828483089201e-03,2.20086741555153027e-03
coarse,2463392.000000000,3,Earth-Moon Barycenter,-2.18165208502566432e-01,-9.09711612576179385e-01,-3.94200672680430408e-01,1.65309959876666530e-02,-3.39807281805334102e-03,-1.47297019546104154e-03
coarse,2463392.000000000,4,Mars Barycenter,-9.89936920131051779e-02,1.43128705784428445e+00,6.59181753056657493e-01,-1.34443031106030748e-02,1.76985718617771111e-04,4.43663049412734061e-04
coarse,2463392.000000000,5,Jupiter Barycenter,2.03500011473292508e+00,-4.33012822075865422e+00,-1.90548793570693742e+00,6.84095153751169711e-03,3.12879108689539769e-03,1.17453557398893840e-03
coarse,2463392.000000000,6,Saturn Barycenter,6.60209247462563931e-01,8.32296075634809718e+00,3.40935117805787513e+00,-5.86468124094248131e-03,2.75799511713229102e-04,3.66537087069383066e-04
coarse,2463392.000000000,7,Uranus Barycenter,1.04760125105355684e+00,1.74337013340206894e+01,7.62063171437632914e+00,-3.95605306898853034e-03,9.08248604786743942e-06,5.99005374158630513e-05
coarse,2463392.000000000,8,Neptune Barycenter,2.87826063882179852e+01,7.52404961446549070e+00,2.36304635417986608e+00,-8.45537337052792298e-04,2.81317318268637512e-03,1.17249694698404595e-03
coarse,2463392.000000000,9,Pluto Barycenter,2.52475312859015837e+01,-2.28042838955892293e+01,-1.47235190202876751e+01,2.39589590580131058e-03,1.64268854220400110e-03,-2.09240884108782382e-04
coarse,2463392.000000000,10,Sun,-3.66056067425974806e-03,6.06701783513829626e-04,3.90488609196662495e-04,-4.63270187125640559e-06,-3.20258125704553113e-06,-1.28860449022507658e-06
coarse,2463757.250000000,1,Mercury Barycenter,-3.80556522598726299e-01,-1.96852806550359416e-01,-6.59816346477776344e-02,7.72196826310285814e-03,-2.04728037858973484e-02,-1.17366496585011547e-02
coarse,2463757.250000000,2,Venus Barycenter,4.38898941088972205e-01,-5.16491978917677841e-01,-2.60323619800708173e-01,1.58879964083781834e-02,1.15487597677154732e-02,4.19185172001404396e-03
coarse,2463757.250000000,3,Earth-Moon Barycenter,-2.19552016682649731e-01,-9.11311876163783174e-01,-3.94860983922339814e-01,1.65335434123832815e-02,-3.40209488033376816e-03,-1.47476543945723672e-03
coarse,2463757.250000000,4,Mars Barycenter,-1.28341960394845883e-01,-1.32993484537022555e+00,-6.06505532734713526e-01,1.44686122304964037e-02,1.59152269983200235e-04,-3.16880382555638658e-04
coarse,2463757.250000000,5,Jupiter Barycenter,4.11650073946993089e+00,-2.61858613161881060e+00,-1.22255496843101730e+00,4.24054654785236632e-03,6.04206042264523319e-03,2.48652600459319797e-03
coarse,2463757.250000000,6,Saturn Barycenter,-1.48047424349684609e+00,8.19955671978024014e+00,3.45058756199661953e+00,-5.80441583783647928e-03,-9.48484039214340306e-04,-1.41752424346007179e-04
coarse,2463757.250000000,7,Uranus Barycenter,-3.98974957784820394e-01,1.73870454337175637e+01,7.62064566491577988e+00,-3.96119014231624978e-03,-2.64914106072523098e-04,-6.00338929099593699e-05
coarse,2463757.250000000,8,Neptune Barycenter,2.84524520136436507e+01,8.54571249540246747e+00,2.78943782587794553e+00,-9.62075049418820009e-04,2.78045069406055584e-03,1.16200480115487888e-03
coarse,2463757.250000000,9,Pluto Barycenter,2.61127925445491513e+01,-2.21955830552266313e+01,-1.47942617770023297e+01,2.34190019281279660e-03,1.68999919264804723e-03,-1.78207596745870786e-04
coarse,2463757.250000000,10,Sun,-4.95661548275063563e-03,-1.03897300976743025e-03,-2.93550210683911675e-04,-2.26204676212992905e-06,-5.64401038372576806e-06,-2.39456395689696345e-06
coarse,2464122.500000000,1,Mercury Barycenter,-1.79040551606341192e-01,-3.90990406267768098e-01,-1.90357623154621014e-01,2.04328218440785053e-02,-7.35925335916432551e-03,-6.04781570310444511e-03
coarse,2464122.500000000,2,Venus Barycenter,-7.18584324808890784e-01,5.67002442370116294e-02,7.08635220864905074e-02,-2.46727001815924161e-03,-1.84659790646426285e-02,-8.15344020083002066e-03
coarse,2464122.500000000,3,Earth-Moon Barycenter,-2.19753846040168843e-01,-9.13545298803032702e-01,-3.95824923578832144e-01,1.65371889125148427e-02,-3.40474320761655546e-03,-1.47601056734651226e-03
coarse,2464122.500000000,4,Mars Barycenter,-6.65735936005888762e-01,1.33719969497989699e+00,6.31399469390194978e-01,-1.22497102090394147e-02,-4.22516937483739460e-03,-1.60768293107136089e-03
coarse,2464122.500000000,5,Jupiter Barycenter,4.95235912076125118e+00,-1.25190203376763703e-01,-1.74181819709415209e-01,1.85970069057242465e-04,7.25686289209571261e-03,3.10590791274479791e-03
coarse,2464122.500000000,6,Saturn Barycenter,-3.54214525033223415e+00,7.63692873995374022e+00,3.30699684687177831e+00,-5.43473232648419586e-03,-2.11681118880315900e-03,-6.40262322907436308e-04
coarse,2464122.500000000,7,Uranus Barycenter,-1.84325945406808001e+00,1.72400190977762193e+01,7.57666666011635215e+00,-3.94342611246265799e-03,-5.40243534412712906e-04,-1.80873476109535953e-04
coarse,2464122.500000000,8,Neptune Barycenter,2.80799775592375127e+01,9.55466257289442744e+00,3.21167948119667157e+00,-1.07724100558210362e-03,2.74357035849401602e-03,1.14977665910936792e-03
coarse,2464122.500000000,9,Pluto Barycenter,2.69582096642015401e+01,-2.15700119090542941e+01,-1.48537605896414604e+01,2.28724945364953839e-03,1.73507230626544014e-03,-1.47674602135171784e-04
coarse,2464122.500000000,10,Sun,-5.08006533429989672e-03,-3.30658560514140087e-03,-1.27449908099480148e-03,1.56013216437282187e-06,-6.38324771716972541e-06,-2.80782689275032441e-06
coarse,2464487.750000000,1,Mercury Barycenter,1.15723596135127130e-01,-3.85545168310274911e-01,-2.17670086472124741e-01,2.14907802131954970e-02,8.64909536142805142e-03,2.39474298495294911e-03
coarse,2464487.750000000,2,Venus Barycenter,5.71975231876491241e-01,4.06798827566338173e-01,1.46855716697708472e-01,-1.22944271336784192e-02,1.43206400266583586e-02,7.22239417423745002e-03
coarse,2464487.750000000,3,Earth-Moon Barycenter,-2.18503857887441033e-01,-9.15725619780256905e-01,-3.96799148011470593e-01,1.65405860549848772e-02,-3.40462474077571266e-03,-1.47602488926611175e-03
coarse,2464487.750000000,4,Mars Barycenter,4.94212360767304681e-01,-1.20699063385323613e+00,-5.66784067229180621e-01,1.36331087130712163e-02,5.69065983172620336e-03,2.24289845449398336e-03
coarse,2464487.750000000,5,Jupiter Barycenter,4.23421784450193339e+00,2.40344208709779217e+00,9.27118827527033340e-01,-4.01115561308609207e-03,6.21323287176500302e-03,2.76074098193659001e-03
coarse,2464487.750000000,6,Saturn Barycenter,-5.41617723673774787e+00,6.66866923790418031e+00,2.98777415483082764e+00,-4.78343366144935635e-03,-3.15872955081430247e-03,-1.09869045918428764e-03
coarse,2464487.750000000,7,Uranus Barycenter,-3.27680963303419270e+00,1.69924368547710607e+01,7.48849492919515036e+00,-3.90235608251751458e-03,-8.15248916463453600e-04,-3.01898677453684501e-04
coarse,2464487.750000000,8,Neptune Barycenter,2.76657156869449885e+01,1.05493914845986048e+01,3.62914069284475360e+00,-1.19086057033142506e-03,2.70259038416132552e-03,1.13583210305919055e-03
coarse,2464487.750000000,9,Pluto Barycenter,2.77835583341616648e+01,-2.09283799114335523e+01,-1.49022004092873424e+01,2.23202404919815118e-03,1.77795109410114425e-03,-1.17653461768072313e-04
coarse,2464487.750000000,10,Sun,-3.77828816743060267e-03,-5.48455978550799108e-03,-2.25220153354907830e-03,5.40089356032148688e-06,-5.16092481964609761e-06,-2.38148560743358174e-06
coarse,2464853.000000000,1,Mercury Barycenter,3.38150884763877113e-01,-1.69345206703535950e-01,-1.24889326705025158e-01,8.64515643272392199e-03,2.29665985846571885e-02,1.13743171038403028e-02
coarse,2464853.000000000,2,Venus Barycenter,-8.10393303999598497e-02,-6.67294479310500566e-01,-2.95070641510052467e-01,1.99766611204249163e-02,-1.64039658681612186e-03,-2.00161190726587737e-03
coarse,2464853.000000000,3,Earth-Moon Barycenter,-2.16201028813829077e-01,-9.17032592662598067e-01,-3.97430540610082872e-01,1.65426983408372766e-02,-3.40396559412740234e-03,-1.47577873100976126e-03
coarse,2464853.000000000,4,Mars Barycenter,-1.14187114881035123e+00,1.06880653749143884e+00,5.21209707171695902e-01,-9.58984416906167453e-03,-7.79256257677387720e-03,-3.31584357397161347e-03
coarse,2464853.000000000,5,Jupiter Barycenter,2.18636962351521325e+00,4.17999668829552462e+00,1.73842596878263311e+00,-6.88369863281430069e-03,3.27751293085495323e-03,1.57233879632586327e-03
coarse,2464853.000000000,6,Saturn Barycenter,-7.00791848945206386e+00,5.35197126533935208e+00,2.51246667159376980e+00,-3.89828806378094252e-03,-4.01647829469594514e-03,-1.49111556004304113e-03
coarse,2464853.000000000,7,Uranus Barycenter,-4.69106103189466062e+00,1.66447249858949888e+01,7.35619661702478655e+00,-3.83772313461046375e-03,-1.08823903904269634e-03,-4.22373465307864318e-04
coarse,2464853.000000000,8,Neptune Barycenter,2.72102644496363659e+01,1.15284135603659674e+01,4.04119851208985281e+00,-1.30275103749127982e-03,2.65757507568076690e-03,1.12019287672096048e-03
coarse,2464853.000000000,9,Pluto Barycenter,2.85886422165081449e+01,-2.02714801185455222e+01,-1.49397697226005981e+01,2.17629738587541994e-03,1.81868225169999880e-03,-8.81519870469408076e-05
coarse,2464853.000000000,10,Sun,-1.28067241842655236e-03,-6.83776872727238135e-03,-2.90568416480763364e-03,7.82409234584699637e-06,-2.05742465354139461e-06,-1.10567315044502991e-06
tight,2461200.500000000,1,Mercury Barycenter,-3.96531288973726526e-01,-7.54941307570995007e-02,1.18387250629883910e-03,-1.37822465888266603e-03,-2.35625064760000315e-02,-1.24439850660629896e-02
tight,2461200.500000000,2,Venus Barycenter,-7.13052345977467250e-01,7.14421460317734847e-02,7.73356075456384101e-02,-2.96593343106500620e-03,-1.84096719343168000e-02,-8.09595670192954017e-03
tight,2461200.500000000,3,Earth-Moon Barycenter,-2.15896673178703008e-01,-9.15353726151446057e-01,-3.96668770607229215e-01,1.65454405170317002e-02,-3.38436546789526579e-03,-1.46731138618456697e-03
tight,2461200.500000000,4,Mars Barycenter,1.30738188433033997e+00,5.05060828814381302e-01,1.96589868240113097e-01,-4.85104240227087792e-03,1.27806402915100394e-02,5.99301515949689570e-03
tight,2461200.500000000,5,Jupiter Barycenter,-2.79157770400774297e+00,4.07803424106046641e+00,1.81595581702779008e+00,-6.48817261988174528e-03,-3.40785345882324087e-03,-1.30274075240449693e-03
tight,2461200.500000000,6,Saturn Barycenter,9.39045264621531217e+00,1.19755993947181394e+00,9.01859651785655442e-02,-9.76119455088573715e-04,5.09317810374493134e-03,2.14576639000535084e-03
tight,2461200.500000000,7,Uranus Barycenter,9.32867865570668187e+00,1.56877546290727405e+01,6.73886314070824444e+00,-3.48051050506505187e-03,1.54155866457534002e-03,7.24381784806699949e-04
tight,2461200.500000000,8,Neptune Barycenter,2.98529954912658511e+01,1.21352166451335597e+00,-2.46533751761997294e-01,-1.27354651048101593e-04,2.92019810929220998e-03,1.19842322965262905e-03
tight,2461200.500000000,9,Pluto Barycenter,1.96559259662743813e+01,-2.60549310296356111e+01,-1.40532194417267604e+01,2.70088474840246388e-03,1.30949220344618003e-03,-4.05114547677290601e-04
tight,2461200.500000000,10,Sun,-1.96318273687386916e-03,-4.98118159482131319e-03,-2.04017867860245301e-03,6.59117748920382712e-06,1.63511433888945209e-06,5.61441535551607376e-07
tight,2461565.750000000,1,Mercury Barycenter,-2.79116025289753100e-01,-3.32501001226577109e-01,-1.48222367936164806e-01,1.65321596157992842e-02,-1.34977408747213538e-02,-8.92393744522617001e-03
tight,2461565.750000000,2,Venus Barycenter,5.86596600737266161e-01,3.95473240020708106e-01,1.40983579079539095e-01,-1.18916962889105172e-02,1.46118680547783052e-02,7.32745255480954111e-03
tight,2461565.750000000,3,Earth-Moon Barycenter,-2.13905022406008782e-01,-9.14339770341174418e-01,-3.96273950862368884e-01,1.65421384511461218e-02,-3.38298578437979487e-03,-1.46666026301395941e-03
tight,2461565.750000000,4,Mars Barycenter,-1.53303295749517376e+00,-4.98733051604152211e-01,-1.87245607240714262e-01,5.08045430158411433e-03,-1.08878912143634144e-02,-5.13117159576673924e-03
tight,2461565.750000000,5,Jupiter Barycenter,-4.69930390690151434e+00,2.35964636250369519e+00,1.12585375585369007e+00,-3.75774962586406013e-03,-5.77091389416562687e-03,-2.38207948302425043e-03
tight,2461565.750000000,6,Saturn Barycenter,8.81658367639833962e+00,3.01505704451457301e+00,8.65614727735330658e-01,-2.16069107632682134e-03,4.81800507480536003e-03,2.08312412729765896e-03
tight,2461565.750000000,7,Uranus Barycenter,8.03346869008164255e+00,1.62080992934827677e+01,6.98507652609394469e+00,-3.60869344042740467e-03,1.30601803216363302e-03,6.23033188977026244e-04
tight,2461565.750000000,8,Neptune Barycenter,2.97843684681849936e+01,2.27896129574301076e+00,1.91264826682984779e-01,-2.48393953145223465e-04,2.91311034110251603e-03,1.19853522569067180e-03
tight,2461565.750000000,9,Pluto Barycenter,2.06336850802880925e+01,-2.55653138163565927e+01,-1.41950200688339141e+01,2.65281498234980423e-03,1.37109124661632638e-03,-3.71407133511431596e-04
tight,2461565.750000000,10,Sun,8.01520594900912938e-05,-3.93811368209802046e-03,-1.63627302028641463e-03,4.35035656923699833e-06,3.90579405541997935e-06,1.57956265129800189e-06
tight,2461931.000000000,1,Mercury Barycenter,-4.47478537358644152e-03,-4.11813782754847257e-01,-2.19142262731878756e-01,2.24905833140189547e-02,1.79846991658709726e-03,-1.37039696771288537e-03
tight,2461931.000000000,2,Venus Barycenter,-9.63746559380345008e-02,-6.61091983279339490e-01,-2.91231268689562783e-01,1.99089080879193935e-02,-2.08643152600057093e-03,-2.19846237254176869e-03
tight,2461931.000000000,3,Earth-Moon Barycenter,-2.13002736851785168e-01,-9.12666949153142615e-01,-3.95576669701664663e-01,1.65382912060114892e-02,-3.38412068261470913e-03,-1.46707500925638687e-03
tight,2461931.000000000,4,Mars Barycenter,9.82981649763212117e-01,9.98805115271358401e-01,4.31754399596674887e-01,-9.86727499825291315e-03,9.50792306210385997e-03,4.62706435404580587e-03
tight,2461931.000000000,5,Jupiter Barycenter,-5.44050980792323635e+00,4.87710740345145347e-02,1.53398811882538205e-01,-2.37213401329855694e-04,-6.61423585261954310e-03,-2.82925120781430620e-03
tight,2461931.000000000,6,Saturn Barycenter,7.81992935894512264e+00,4.68729685900518778e+00,1.59925489744318239e+00,-3.28054116061689879e-03,4.29844001933638292e-03,1.91675437956369417e-03
tight,2461931.000000000,7,Uranus Barycenter,6.69476480507766247e+00,1.66406397566321189e+01,7.19344861117958789e+00,-3.71850687745779902e-03,1.06094472370112667e-03,5.17248648698122229e-04
tight,2461931.000000000,8,Neptune Barycenter,2.96715788088680199e+01,3.34102258003536212e+00,6.28780000704038056e-01,-3.69144900443977696e-04,2.90170087426574975e-03,1.19687127587396643e-03
tight,2461931.000000000,9,Pluto Barycenter,2.15936555578233182e+01,-2.50536498452359560e+01,-1.43245805542836866e+01,2.60349855782423568e-03,1.43021839736263761e-03,-3.38095516182103362e-04
tight,2461931.000000000,10,Sun,1.13784689293397814e-03,-2.28126823062243167e-03,-9.48289386917888408e-04,1.24614524659155197e-06,4.90257185024218327e-06,2.07770165820792362e-06
tight,2462296.250000000,1,Mercury Barycenter,2.69130551838801191e-01,-2.78344870891078400e-01,-1.76385436502739024e-01,1.61043176148250484e-02,1.76332731124918610e-02,7.75036784432245329e-03
tight,2462296.250000000,2,Venus Barycenter,-4.28566327855242957e-01,5.13919556005712264e-01,2.58479056484500702e-01,-1.62734417988273997e-02,-1.15124424828572137e-02,-4.15101422519321625e-03
tight,2462296.250000000,3,Earth-Moon Barycenter,-2.13212807700009360e-01,-9.10894162664295237e-01,-3.94812220542675507e-01,1.65349959340955720e-02,-3.38674448380798339e-03,-1.46814219103651839e-03
tight,2462296.250000000,4,Mars Barycenter,-1.21359381610518380e+00,-9.25863291576547232e-01,-3.91871908989826490e-01,9.44081359137660323e-03,-8.61822303334907822e-03,-4.20773745768240892e-03
tight,2462296.250000000,5,Jupiter Barycenter,-4.87367470528882940e+00,-2.27620596041781909e+00,-8.56942745071723855e-01,3.27653251959164182e-03,-5.85675942261238910e-03,-2.59011418185652173e-03
tight,2462296.250000000,6,Saturn Barycenter,6.43595851786284978e+00,6.12669328408029212e+00,2.25340352468679583e+00,-4.27055671135429058e-03,3.54640937304626265e-03,1.64877783385224521e-03
tight,2462296.250000000,7,Uranus Barycenter,5.31945204096780433e+00,1.69820932779223099e+01,7.36244378867431504e+00,-3.80899898058098887e-03,8.07446742584903257e-04,4.07499584027536371e-04
tight,2462296.250000000,8,Neptune Barycenter,2.95147660444074589e+01,4.39812908238716371e+00,1.06536310821232338e+00,-4.89420091452289928e-04,2.88598192369450167e-03,1.19343174858122783e-03
tight,2462296.250000000,9,Pluto Barycenter,2.25354025431494449e+01,-2.45208365157704087e+01,-1.44420500037003219e+01,2.55304652240590998e-03,1.48690431838010054e-03,-3.05203987628871736e-04
tight,2462296.250000000,10,Sun,1.06189509886398491e-03,-5.44553557985953912e-04,-2.01596321509891748e-04,-1.73216461845342636e-06,4.43251409913409032e-06,1.93707482152966843e-06
tight,2462661.500000000,1,Mercury Barycenter,3.49386444446296629e-01,3.13368945753344230e-02,-1.94945606852384781e-02,-7.05742266689270235e-03,2.57144485447195689e-02,1.44676806806875741e-02
tight,2462661.500000000,2,Venus Barycenter,7.17893198308338421e-01,-7.97934567682110352e-02,-8.12852995021485225e-02,2.86453344125804947e-03,1.82328195281470963e-02,8.02305710701529430e-03
tight,2462661.500000000,3,Earth-Moon Barycenter,-2.14307943673106072e-01,-9.09565686049772726e-01,-3.94215845482470850e-01,1.65329068255094247e-02,-3.38929550723860145e-03,-1.46919236061789191e-03
tight,2462661.500000000,4,Mars Barycenter,4.81840939567843962e-01,1.31941046771152748e+00,5.92224901076118138e-01,-1.27516397024828049e-02,4.98508887725459659e-03,2.63030582531317836e-03
tight,2462661.500000000,5,Jupiter Barycenter,-3.13792345494767133e+00,-4.05382543065576506e+00,-1.66112856782752405e+00,6.04557792981337550e-03,-3.66325429752967311e-03,-1.71733163128409130e-03
tight,2462661.500000000,6,Saturn Barycenter,4.72394486483739851e+00,7.25314109039773669e+00,2.79242157568945260e+00,-5.06651418444925648e-03,2.59122593593115675e-03,1.28853299751312896e-03
tight,2462661.500000000,7,Uranus Barycenter,3.91475194489399758e+00,1.72296013686124425e+01,7.49070742749249074e+00,-3.87928094631632405e-03,5.46738872776641387e-04,2.94305468091879570e-04
tight,2462661.500000000,8,Neptune Barycenter,2.93141381105883845e+01,5.44870982898734901e+00,1.50036601940313874e+00,-6.09032709237755784e-04,2.86597119716264746e-03,1.18821920829301122e-03
tight,2462661.500000000,9,Pluto Barycenter,2.34585305259731172e+01,-2.39677591804115515e+01,-1.45475857542033822e+01,2.50156336170286389e-03,1.54118431332246988e-03,-2.72753300489788362e-04
tight,2462661.500000000,10,Sun,-3.76460108343066558e-05,7.66409919510947215e-04,3.84610326635966395e-04,-4.17507650636691960e-06,2.54512458604152412e-06,1.17882969324430471e-06
tight,2463026.750000000,1,Mercury Barycenter,4.96519588233025611e-02,2.70871399840217741e-01,1.39334772473251350e-01,-3.33851504669506402e-02,3.87536140210923731e-03,5.52941768301772052e-03
tight,2463026.750000000,2,Venus Barycenter,-5.70640107997454349e-01,-4.18108687587026184e-01,-1.52088748328288753e-01,1.23226295201298679e-02,-1.43266566141924748e-02,-7.22659383292973117e-03
tight,2463026.750000000,3,Earth-Moon Barycenter,-2.16171132529766663e-01,-9.09090682946294248e-01,-3.93974573502824332e-01,1.65312642739813727e-02,-3.39365469355845575e-03,-1.47103405693847040e-03
tight,2463026.750000000,4,Mars Barycenter,-7.26774570662146568e-01,-1.22231675807587137e+00,-5.41045855870851855e-01,1.28252100012159215e-02,-4.84435123109009432e-03,-2.56782523166561912e-03
tight,2463026.750000000,5,Jupiter Barycenter,-6.29736143504364465e-01,-4.82520855527493886e+00,-2.05282073303133172e+00,7.40352676175068825e-03,-4.36455634102518033e-04,-3.67305553656144810e-04
tight,2463026.750000000,6,Saturn Barycenter,2.76544932847986713e+00,8.00053141990030880e+00,3.18548998370061742e+00,-5.61180546128135695e-03,1.48008722681315609e-03,8.53072666482419242e-04
tight,2463026.750000000,7,Uranus Barycenter,2.48819716388912804e+00,1.73807685987283094e+01,7.57708340156465088e+00,-3.92854037778795056e-03,2.80141937956379964e-04,1.78233863339566584e-04
tight,2463026.750000000,8,Neptune Barycenter,2.90699707757671035e+01,6.49120132779628367e+00,1.93314195695634150e+00,-7.27798446582543068e-04,2.84169195857516795e-03,1.18123851035937351e-03
tight,2463026.750000000,9,Pluto Barycenter,2.43626811006170563e+01,-2.33952894765861146e+01,-1.46413520756326072e+01,2.44914802357182326e-03,1.59309808420011090e-03,-2.40760720969278194e-04
tight,2463026.750000000,10,Sun,-1.79407686378638197e-03,1.23055113125310417e-03,6.20665525188672344e-04,-5.33450507257803148e-06,-1.18736163435493752e-07,6.02505846749833646e-08
tight,2463392.000000000,1,Mercury Barycenter,-3.28945644722262898e-01,1.13083482131055013e-01,9.41839457099118427e-02,-1.69588889094511829e-02,-2.24234889828515520e-02,-1.02216652303320880e-02
tight,2463392.000000000,2,Venus Barycenter,9.87856596263016612e-02,6.53071388791478746e-01,2.87512413228964536e-01,-2.00933520253863442e-02,2.06647828483095619e-03,2.20086741555155759e-03
tight,2463392.000000000,3,Earth-Moon Barycenter,-2.18165208502564767e-01,-9.09711612576179718e-01,-3.94200672680430519e-01,1.65309959876666600e-02,-3.39807281805331457e-03,-1.47297019546102984e-03
tight,2463392.000000000,4,Mars Barycenter,-9.89936920131050807e-02,1.43128705784428445e+00,6.59181753056657493e-01,-1.34443031106030748e-02,1.76985718617772277e-04,4.43663049412734494e-04
tight,2463392.000000000,5,Jupiter Barycenter,2.03500011473292508e+00,-4.33012822075865422e+00,-1.90548793570693742e+00,6.84095153751169711e-03,3.12879108689539769e-03,1.17453557398893840e-03
tight,2463392.000000000,6,Saturn Barycenter,6.60209247462563931e-01,8.32296075634809718e+00,3.40935117805787513e+00,-5.86468124094248131e-03,2.75799511713229156e-04,3.66537087069383066e-04
tight,2463392.000000000,7,Uranus Barycenter,1.04760125105355684e+00,1.74337013340206894e+01,7.62063171437632914e+00,-3.95605306898853034e-03,9.08248604786744280e-06,5.99005374158630513e-05
tight,2463392.000000000,8,Neptune Barycenter,2.87826063882179852e+01,7.52404961446549070e+00,2.36304635417986608e+00,-8.45537337052792298e-04,2.81317318268637512e-03,1.17249694698404595e-03
tight,2463392.000000000,9,Pluto Barycenter,2.52475312859015837e+01,-2.28042838955892293e+01,-1.47235190202876751e+01,2.39589590580131058e-03,1.64268854220400110e-03,-2.09240884108782382e-04
tight,2463392.000000000,10,Sun,-3.66056067425974806e-03,6.06701783513829626e-04,3.90488609196662495e-04,-4.63270187125640559e-06,-3.20258125704553155e-06,-1.28860449022507658e-06
tight,2463757.250000000,1,Mercury Barycenter,-3.80556522598724856e-01,-1.96852806550362996e-01,-6.59816346477797022e-02,7.72196826310310360e-03,-2.04728037858972270e-02,-1.17366496585011165e-02
tight,2463757.250000000,2,Venus Barycenter,4.38898941088969652e-01,-5.16491978917679617e-01,-2.60323619800708839e-01,1.58879964083782355e-02,1.15487597677154108e-02,4.19185172001401273e-03
tight,2463757.250000000,3,Earth-Moon Barycenter,-2.19552016682647705e-01,-9.11311876163783618e-01,-3.94860983922340036e-01,1.65335434123832885e-02,-3.40209488033373607e-03,-1.47476543945722263e-03
tight,2463757.250000000,4,Mars Barycenter,-1.28341960394846244e-01,-1.32993484537022555e+00,-6.06505532734713526e-01,1.44686122304964037e-02,1.59152269983197335e-04,-3.16880382555639851e-04
tight,2463757.250000000,5,Jupiter Barycenter,4.11650073946993089e+00,-2.61858613161881060e+00,-1.22255496843101730e+00,4.24054654785236632e-03,6.04206042264523319e-03,2.48652600459319797e-03
tight,2463757.250000000,6,Saturn Barycenter,-1.48047424349684609e+00,8.19955671978024014e+00,3.45058756199661953e+00,-5.80441583783647928e-03,-9.48484039214340306e-04,-1.41752424346007179e-04
tight,2463757.250000000,7,Uranus Barycenter,-3.98974957784820394e-01,1.73870454337175637e+01,7.62064566491577988e+00,-3.96119014231624978e-03,-2.64914106072523098e-04,-6.00338929099593699e-05
tight,2463757.250000000,8,Neptune Barycenter,2.84524520136436507e+01,8.54571249540246747e+00,2.78943782587794553e+00,-9.62075049418820009e-04,2.78045069406055584e-03,1.16200480115487888e-03
tight,2463757.250000000,9,Pluto Barycenter,2.61127925445491513e+01,-2.21955830552266313e+01,-1.47942617770023297e+01,2.34190019281279660e-03,1.68999919264804723e-03,-1.78207596745870786e-04
tight,2463757.250000000,10,Sun,-4.95661548275063563e-03,-1.03897300976743025e-03,-2.93550210683911675e-04,-2.26204676212992947e-06,-5.64401038372576806e-06,-2.39456395689696345e-06
tight,2464122.500000000,1,Mercury Barycenter,-1.79040551606337278e-01,-3.90990406267769486e-01,-1.90357623154622180e-01,2.04328218440786025e-02,-7.35925335916411041e-03,-6.04781570310434103e-03
tight,2464122.500000000,2,Venus Barycenter,-7.18584324808890340e-01,5.67002442370153556e-02,7.08635220864921450e-02,-2.46727001815935437e-03,-1.84659790646426181e-02,-8.15344020083000852e-03
tight,2464122.500000000,3,Earth-Moon Barycenter,-2.19753846040166678e-01,-9.13545298803033257e-01,-3.95824923578832311e-01,1.65371889125148532e-02,-3.40474320761652120e-03,-1.47601056734649708e-03
tight,2464122.500000000,4,Mars Barycenter,-6.65735936005888540e-01,1.33719969497989699e+00,6.31399469390194978e-01,-1.22497102090394164e-02,-4.22516937483739287e-03,-1.60768293107136002e-03
tight,2464122.500000000,5,Jupiter Barycenter,4.95235912076125118e+00,-1.25190203376763703e-01,-1.74181819709415209e-01,1.85970069057242438e-04,7.25686289209571261e-03,3.10590791274479791e-03
tight,2464122.500000000,6,Saturn Barycenter,-3.54214525033223415e+00,7.63692873995374022e+00,3.30699684687177831e+00,-5.43473232648419586e-03,-2.11681118880315900e-03,-6.40262322907436308e-04
tight,2464122.500000000,7,Uranus Barycenter,-1.84325945406808001e+00,1.72400190977762193e+01,7.57666666011635215e+00,-3.94342611246265799e-03,-5.40243534412712906e-04,-1.80873476109535953e-04
tight,2464122.500000000,8,Neptune Barycenter,2.80799775592375127e+01,9.55466257289442744e+00,3.21167948119667157e+00,-1.07724100558210362e-03,2.74357035849401602e-03,1.14977665910936792e-03
tight,2464122.500000000,9,Pluto Barycenter,2.69582096642015401e+01,-2.15700119090542941e+01,-1.48537605896414604e+01,2.28724945364953839e-03,1.73507230626544014e-03,-1.47674602135171784e-04
tight,2464122.500000000,10,Sun,-5.08006533429989672e-03,-3.30658560514140087e-03,-1.27449908099480148e-03,1.56013216437282208e-06,-6.38324771716972541e-06,-2.80782689275032441e-06
tight,2464487.750000000,1,Mercury Barycenter,1.15723596135131224e-01,-3.85545168310273301e-01,-2.17670086472124297e-01,2.14907802131954241e-02,8.64909536142827867e-03,2.39474298495307878e-03
tight,2464487.750000000,2,Venus Barycenter,5.71975231876494128e-01,4.06798827566334897e-01,1.46855716697706834e-01,-1.22944271336783151e-02,1.43206400266584332e-02,7.22239417423747605e-03
tight,2464487.750000000,3,Earth-Moon Barycenter,-2.18503857887438813e-01,-9.15725619780257349e-01,-3.96799148011470815e-01,1.65405860549848842e-02,-3.40462474077567754e-03,-1.47602488926609613e-03
tight,2464487.750000000,4,Mars Barycenter,4.94212360767304459e-01,-1.20699063385323613e+00,-5.66784067229180621e-01,1.36331087130712163e-02,5.69065983172620162e-03,2.24289845449398249e-03
tight,2464487.750000000,5,Jupiter Barycenter,4.23421784450193339e+00,2.40344208709779217e+00,9.27118827527033340e-01,-4.01115561308609207e-03,6.21323287176500302e-03,2.76074098193659001e-03
tight,2464487.750000000,6,Saturn Barycenter,-5.41617723673774787e+00,6.66866923790418031e+00,2.98777415483082764e+00,-4.78343366144935635e-03,-3.15872955081430247e-03,-1.09869045918428764e-03
tight,2464487.750000000,7,Uranus Barycenter,-3.27680963303419270e+00,1.69924368547710607e+01,7.48849492919515036e+00,-3.90235608251751458e-03,-8.15248916463453600e-04,-3.01898677453684501e-04
tight,2464487.750000000,8,Neptune Barycenter,2.76657156869449885e+01,1.05493914845986048e+01,3.62914069284475360e+00,-1.19086057033142506e-03,2.70259038416132552e-03,1.13583210305919055e-03
tight,2464487.750000000,9,Pluto Barycenter,2.77835583341616648e+01,-2.09283799114335523e+01,-1.49022004092873424e+01,2.23202404919815118e-03,1.77795109410114425e-03,-1.17653461768072313e-04
tight,2464487.750000000,10,Sun,-3.77828816743060267e-03,-5.48455978550799108e-03,-2.25220153354907830e-03,5.40089356032148688e-06,-5.16092481964609761e-06,-2.38148560743358174e-06
tight,2464853.000000000,1,Mercury Barycenter,3.38150884763878279e-01,-1.69345206703532924e-01,-1.24889326705023687e-01,8.64515643272370342e-03,2.29665985846572891e-02,1.13743171038403791e-02
tight,2464853.000000000,2,Venus Barycenter,-8.10393303999652481e-02,-6.67294479310500122e-01,-2.95070641510051912e-01,1.99766611204248989e-02,-1.64039658681625912e-03,-2.00161190726593809e-03
tight,2464853.000000000,3,Earth-Moon Barycenter,-2.16201028813826773e-01,-9.17032592662598622e-01,-3.97430540610083038e-01,1.65426983408372835e-02,-3.40396559412736591e-03,-1.47577873100974521e-03
tight,2464853.000000000,4,Mars Barycenter,-1.14187114881035123e+00,1.06880653749143884e+00,5.21209707171695902e-01,-9.58984416906167453e-03,-7.79256257677387633e-03,-3.31584357397161347e-03
tight,2464853.000000000,5,Jupiter Barycenter,2.18636962351521280e+00,4.17999668829552462e+00,1.73842596878263311e+00,-6.88369863281430069e-03,3.27751293085495323e-03,1.57233879632586327e-03
tight,2464853.000000000,6,Saturn Barycenter,-7.00791848945206386e+00,5.35197126533935208e+00,2.51246667159376980e+00,-3.89828806378094252e-03,-4.01647829469594514e-03,-1.49111556004304113e-03
tight,2464853.000000000,7,Uranus Barycenter,-4.69106103189466062e+00,1.66447249858949888e+01,7.35619661702478655e+00,-3.83772313461046375e-03,-1.08823903904269634e-03,-4.22373465307864318e-04
tight,2464853.000000000,8,Neptune Barycenter,2.72102644496363659e+01,1.15284135603659674e+01,4.04119851208985281e+00,-1.30275103749127982e-03,2.65757507568076690e-03,1.12019287672096048e-03
tight,2464853.000000000,9,Pluto Barycenter,2.85886422165081449e+01,-2.02714801185455222e+01,-1.49397697226005981e+01,2.17629738587541994e-03,1.81868225169999880e-03,-8.81519870469408076e-05
tight,2464853.000000000,10,Sun,-1.28067241842655236e-03,-6.83776872727238135e-03,-2.90568416480763364e-03,7.82409234584699637e-06,-2.05742465354139461e-06,-1.10567315044502970e-06
