comparison,jd_tdb,body_id,body_name,position_residual_au,position_residual_km,velocity_residual_au_per_day,velocity_residual_m_per_s
coarse_vs_tight,2461200.500000000,1,Mercury Barycenter,0.00000000000000000e+00,0.00000000000000000e+00,0.00000000000000000e+00,0.00000000000000000e+00
coarse_vs_tight,2461200.500000000,2,Venus Barycenter,0.00000000000000000e+00,0.00000000000000000e+00,0.00000000000000000e+00,0.00000000000000000e+00
coarse_vs_tight,2461200.500000000,3,Earth-Moon Barycenter,0.00000000000000000e+00,0.00000000000000000e+00,0.00000000000000000e+00,0.00000000000000000e+00
coarse_vs_tight,2461200.500000000,4,Mars Barycenter,0.00000000000000000e+00,0.00000000000000000e+00,0.00000000000000000e+00,0.00000000000000000e+00
coarse_vs_tight,2461200.500000000,5,Jupiter Barycenter,0.00000000000000000e+00,0.00000000000000000e+00,0.00000000000000000e+00,0.00000000000000000e+00
coarse_vs_tight,2461200.500000000,6,Saturn Barycenter,0.00000000000000000e+00,0.00000000000000000e+00,0.00000000000000000e+00,0.00000000000000000e+00
coarse_vs_tight,2461200.500000000,7,Uranus Barycenter,0.00000000000000000e+00,0.00000000000000000e+00,0.00000000000000000e+00,0.00000000000000000e+00
coarse_vs_tight,2461200.500000000,8,Neptune Barycenter,0.00000000000000000e+00,0.00000000000000000e+00,0.00000000000000000e+00,0.00000000000000000e+00
coarse_vs_tight,2461200.500000000,9,Pluto Barycenter,0.00000000000000000e+00,0.00000000000000000e+00,0.00000000000000000e+00,0.00000000000000000e+00
coarse_vs_tight,2461200.500000000,10,Sun,0.00000000000000000e+00,0.00000000000000000e+00,0.00000000000000000e+00,0.00000000000000000e+00
coarse_vs_tight,2461565.750000000,1,Mercury Barycenter,3.81576078647070115e-16,5.70829688756574186e-08,2.72080745804226993e-17,4.71096067485883260e-11
coarse_vs_tight,2461565.750000000,2,Venus Barycenter,6.20633538311818279e-17,9.28454558164548838e-09,2.60208521396521064e-18,4.50539823367071029e-12
coarse_vs_tight,2461565.750000000,3,Earth-Moon Barycenter,8.32667268468867405e-17,1.24565250364527803e-08,1.85268548447951059e-18,3.20784494855246162e-12
coarse_vs_tight,2461565.750000000,4,Mars Barycenter,0.00000000000000000e+00,0.00000000000000000e+00,8.67361737988403547e-19,1.50179941122357023e-12
coarse_vs_tight,2461565.750000000,5,Jupiter Barycenter,0.00000000000000000e+00,0.00000000000000000e+00,0.00000000000000000e+00,0.00000000000000000e+00
coarse_vs_tight,2461565.750000000,6,Saturn Barycenter,0.00000000000000000e+00,0.00000000000000000e+00,0.00000000000000000e+00,0.00000000000000000e+00
coarse_vs_tight,2461565.750000000,7,Uranus Barycenter,0.00000000000000000e+00,0.00000000000000000e+00,0.00000000000000000e+00,0.00000000000000000e+00
coarse_vs_tight,2461565.750000000,8,Neptune Barycenter,0.00000000000000000e+00,0.00000000000000000e+00,0.00000000000000000e+00,0.00000000000000000e+00
coarse_vs_tight,2461565.750000000,9,Pluto Barycenter,0.00000000000000000e+00,0.00000000000000000e+00,0.00000000000000000e+00,0.00000000000000000e+00
coarse_vs_tight,2461565.750000000,10,Sun,0.00000000000000000e+00,0.00000000000000000e+00,0.00000000000000000e+00,0.00000000000000000e+00
coarse_vs_tight,2461931.000000000,1,Mercury Barycenter,1.24032728532341707e-16,1.85550320855494542e-08,1.05719441389076156e-17,1.83048649576380109e-11
coarse_vs_tight,2461931.000000000,2,Venus Barycenter,5.95937481406402458e-16,8.91509782887186462e-08,1.57683405939220588e-17,2.73022011264249240e-11
coarse_vs_tight,2461931.000000000,3,Earth-Moon Barycenter,2.78940082729686455e-16,4.17288424292429311e-08,5.81843942167329637e-18,1.00743767161951917e-11
coarse_vs_tight,2461931.000000000,4,Mars Barycenter,0.00000000000000000e+00,0.00000000000000000e+00,0.00000000000000000e+00,0.00000000000000000e+00
coarse_vs_tight,2461931.000000000,5,Jupiter Barycenter,6.93889390390722838e-18,1.03804375303773169e-09,0.00000000000000000e+00,0.00000000000000000e+00
coarse_vs_tight,2461931.000000000,6,Saturn Barycenter,0.00000000000000000e+00,0.00000000000000000e+00,0.00000000000000000e+00,0.00000000000000000e+00
coarse_vs_tight,2461931.000000000,7,Uranus Barycenter,0.00000000000000000e+00,0.00000000000000000e+00,0.00000000000000000e+00,0.00000000000000000e+00
coarse_vs_tight,2461931.000000000,8,Neptune Barycenter,0.00000000000000000e+00,0.00000000000000000e+00,0.00000000000000000e+00,0.00000000000000000e+00
coarse_vs_tight,2461931.000000000,9,Pluto Barycenter,0.00000000000000000e+00,0.00000000000000000e+00,0.00000000000000000e+00,0.00000000000000000e+00
coarse_vs_tight,2461931.000000000,10,Sun,0.00000000000000000e+00,0.00000000000000000e+00,0.00000000000000000e+00,0.00000000000000000e+00
coarse_vs_tight,2462296.250000000,1,Mercury Barycenter,8.62211666897098418e-16,1.28985029460503583e-07,5.14675236427494698e-17,8.91137956846901472e-11
coarse_vs_tight,2462296.250000000,2,Venus Barycenter,1.17626020592715381e-15,1.75966022195845720e-07,3.39159512905160563e-17,5.87240057387282221e-11
coarse_vs_tight,2462296.250000000,3,Earth-Moon Barycenter,4.87898494695630715e-16,7.29885759242015922e-08,9.22018174720367655e-18,1.59643467227855988e-11
coarse_vs_tight,2462296.250000000,4,Mars Barycenter,0.00000000000000000e+00,0.00000000000000000e+00,2.45326946669339870e-18,4.24773019063260429e-12
coarse_vs_tight,2462296.250000000,5,Jupiter Barycenter,0.00000000000000000e+00,0.00000000000000000e+00,0.00000000000000000e+00,0.00000000000000000e+00
coarse_vs_tight,2462296.250000000,6,Saturn Barycenter,0.00000000000000000e+00,0.00000000000000000e+00,0.00000000000000000e+00,0.00000000000000000e+00
coarse_vs_tight,2462296.250000000,7,Uranus Barycenter,0.00000000000000000e+00,0.00000000000000000e+00,0.00000000000000000e+00,0.00000000000000000e+00
coarse_vs_tight,2462296.250000000,8,Neptune Barycenter,0.00000000000000000e+00,0.00000000000000000e+00,0.00000000000000000e+00,0.00000000000000000e+00
coarse_vs_tight,2462296.250000000,9,Pluto Barycenter,0.00000000000000000e+00,0.00000000000000000e+00,0.00000000000000000e+00,0.00000000000000000e+00
coarse_vs_tight,2462296.250000000,10,Sun,0.00000000000000000e+00,0.00000000000000000e+00,0.00000000000000000e+00,0.00000000000000000e+00
coarse_vs_tight,2462661.500000000,1,Mercury Barycenter,2.21481460932174898e-15,3.31331549549786002e-07,1.74854619233085652e-16,3.02753225918158339e-10
coarse_vs_tight,2462661.500000000,2,Venus Barycenter,1.46560215166841379e-15,2.19250961182933150e-07,4.06458703981065656e-17,7.03765701887141652e-11
coarse_vs_tight,2462661.500000000,3,Earth-Moon Barycenter,7.59610828871216051e-16,1.13636162559795993e-07,1.37433049988030597e-17,2.37959394004815255e-11
coarse_vs_tight,2462661.500000000,4,Mars Barycenter,5.55111512312578270e-17,8.30435002430185354e-09,0.00000000000000000e+00,0.00000000000000000e+00
coarse_vs_tight,2462661.500000000,5,Jupiter Barycenter,0.00000000000000000e+00,0.00000000000000000e+00,0.00000000000000000e+00,0.00000000000000000e+00
coarse_vs_tight,2462661.500000000,6,Saturn Barycenter,0.00000000000000000e+00,0.00000000000000000e+00,0.00000000000000000e+00,0.00000000000000000e+00
coarse_vs_tight,2462661.500000000,7,Uranus Barycenter,0.00000000000000000e+00,0.00000000000000000e+00,0.00000000000000000e+00,0.00000000000000000e+00
coarse_vs_tight,2462661.500000000,8,Neptune Barycenter,0.00000000000000000e+00,0.00000000000000000e+00,0.00000000000000000e+00,0.00000000000000000e+00
coarse_vs_tight,2462661.500000000,9,Pluto Barycenter,0.00000000000000000e+00,0.00000000000000000e+00,0.00000000000000000e+00,0.00000000000000000e+00
coarse_vs_tight,2462661.500000000,10,Sun,0.00000000000000000e+00,0.00000000000000000e+00,0.00000000000000000e+00,0.00000000000000000e+00
coarse_vs_tight,2463026.750000000,1,Mercury Barycenter,3.39889661190398589e-15,5.08467695870280510e-07,3.16416189295421258e-16,5.47860974231517994e-10
coarse_vs_tight,2463026.750000000,2,Venus Barycenter,2.04507933030269561e-15,3.05939513225865232e-07,5.60036338739728038e-17,9.69678747570453929e-11
coarse_vs_tight,2463026.750000000,3,Earth-Moon Barycenter,1.19187496281280492e-15,1.78301956577437292e-07,2.10781840972317112e-17,3.64959659625979762e-11
coarse_vs_tight,2463026.750000000,4,Mars Barycenter,2.22044604925031308e-16,3.32174000972074142e-08,1.78811203067274900e-18,3.09603880048259599e-12
coarse_vs_tight,2463026.750000000,5,Jupiter Barycenter,0.00000000000000000e+00,0.00000000000000000e+00,5.42101086242752217e-20,9.38624632014731395e-14
coarse_vs_tight,2463026.750000000,6,Saturn Barycenter,0.00000000000000000e+00,0.00000000000000000e+00,0.00000000000000000e+00,0.00000000000000000e+00
coarse_vs_tight,2463026.750000000,7,Uranus Barycenter,0.00000000000000000e+00,0.00000000000000000e+00,0.00000000000000000e+00,0.00000000000000000e+00
coarse_vs_tight,2463026.750000000,8,Neptune Barycenter,0.00000000000000000e+00,0.00000000000000000e+00,0.00000000000000000e+00,0.00000000000000000e+00
coarse_vs_tight,2463026.750000000,9,Pluto Barycenter,0.00000000000000000e+00,0.00000000000000000e+00,0.00000000000000000e+00,0.00000000000000000e+00
coarse_vs_tight,2463026.750000000,10,Sun,0.00000000000000000e+00,0.00000000000000000e+00,0.00000000000000000e+00,0.00000000000000000e+00
coarse_vs_tight,2463392.000000000,1,Mercury Barycenter,4.24916469857734512e-15,6.35665991160778066e-07,3.34023246332920729e-16,5.78346833515121814e-10
coarse_vs_tight,2463392.000000000,2,Venus Barycenter,2.47449167955568967e-15,3.70178686326397841e-07,7.05301638562096974e-17,1.22119934409850353e-10
coarse_vs_tight,2463392.000000000,3,Earth-Moon Barycenter,1.70193966883623774e-15,2.54606550517764301e-07,2.97506340503047029e-17,5.15119387257002266e-11
coarse_vs_tight,2463392.000000000,4,Mars Barycenter,9.71445146547011973e-17,1.45326125425282429e-08,1.24358745382082872e-18,2.15321799908368668e-12
coarse_vs_tight,2463392.000000000,5,Jupiter Barycenter,0.00000000000000000e+00,0.00000000000000000e+00,0.00000000000000000e+00,0.00000000000000000e+00
coarse_vs_tight,2463392.000000000,6,Saturn Barycenter,0.00000000000000000e+00,0.00000000000000000e+00,5.42101086242752217e-20,9.38624632014731395e-14
coarse_vs_tight,2463392.000000000,7,Uranus Barycenter,0.00000000000000000e+00,0.00000000000000000e+00,3.38813178901720136e-21,5.86640395009207122e-15
coarse_vs_tight,2463392.000000000,8,Neptune Barycenter,0.00000000000000000e+00,0.00000000000000000e+00,0.00000000000000000e+00,0.00000000000000000e+00
coarse_vs_tight,2463392.000000000,9,Pluto Barycenter,0.00000000000000000e+00,0.00000000000000000e+00,0.00000000000000000e+00,0.00000000000000000e+00
coarse_vs_tight,2463392.000000000,10,Sun,0.00000000000000000e+00,0.00000000000000000e+00,0.00000000000000000e+00,0.00000000000000000e+00
coarse_vs_tight,2463757.250000000,1,Mercury Barycenter,4.37933818963579654e-15,6.55139668244707913e-07,2.76503440444204202e-16,4.78753772357375067e-10
coarse_vs_tight,2463757.250000000,2,Venus Barycenter,3.18113286421493111e-15,4.75890702900345903e-07,8.70824273664023468e-17,1.50779464229180518e-10
coarse_vs_tight,2463757.250000000,3,Earth-Moon Barycenter,2.08610433639772636e-15,3.12076766783136323e-07,3.57313297305754211e-17,6.18672551501584203e-11
coarse_vs_tight,2463757.250000000,4,Mars Barycenter,3.60822483003175876e-16,5.39782751579620497e-08,3.13588024780885065e-18,5.42964129447213434e-12
coarse_vs_tight,2463757.250000000,5,Jupiter Barycenter,0.00000000000000000e+00,0.00000000000000000e+00,0.00000000000000000e+00,0.00000000000000000e+00
coarse_vs_tight,2463757.250000000,6,Saturn Barycenter,0.00000000000000000e+00,0.00000000000000000e+00,0.00000000000000000e+00,0.00000000000000000e+00
coarse_vs_tight,2463757.250000000,7,Uranus Barycenter,0.00000000000000000e+00,0.00000000000000000e+00,0.00000000000000000e+00,0.00000000000000000e+00
coarse_vs_tight,2463757.250000000,8,Neptune Barycenter,0.00000000000000000e+00,0.00000000000000000e+00,0.00000000000000000e+00,0.00000000000000000e+00
coarse_vs_tight,2463757.250000000,9,Pluto Barycenter,0.00000000000000000e+00,0.00000000000000000e+00,0.00000000000000000e+00,0.00000000000000000e+00
coarse_vs_tight,2463757.250000000,10,Sun,0.00000000000000000e+00,0.00000000000000000e+00,0.00000000000000000e+00,0.00000000000000000e+00
coarse_vs_tight,2464122.500000000,1,Mercury Barycenter,4.31284493146831389e-15,6.45192418406947138e-07,2.57955189090235199e-16,4.46638275739757536e-10
coarse_vs_tight,2464122.500000000,2,Venus Barycenter,4.09430609312434197e-15,6.12499473525437466e-07,1.13885620116118217e-16,1.97188035563893162e-10
coarse_vs_tight,2464122.500000000,3,Earth-Moon Barycenter,2.24116605698058677e-15,3.35273670009410624e-07,3.88912855417515564e-17,6.73385822434227809e-11
coarse_vs_tight,2464122.500000000,4,Mars Barycenter,2.22044604925031308e-16,3.32174000972074142e-08,2.60208521396521064e-18,4.50539823367071029e-12
coarse_vs_tight,2464122.500000000,5,Jupiter Barycenter,0.00000000000000000e+00,0.00000000000000000e+00,2.71050543121376109e-20,4.69312316007365698e-14
coarse_vs_tight,2464122.500000000,6,Saturn Barycenter,0.00000000000000000e+00,0.00000000000000000e+00,0.00000000000000000e+00,0.00000000000000000e+00
coarse_vs_tight,2464122.500000000,7,Uranus Barycenter,0.00000000000000000e+00,0.00000000000000000e+00,0.00000000000000000e+00,0.00000000000000000e+00
coarse_vs_tight,2464122.500000000,8,Neptune Barycenter,0.00000000000000000e+00,0.00000000000000000e+00,0.00000000000000000e+00,0.00000000000000000e+00
coarse_vs_tight,2464122.500000000,9,Pluto Barycenter,0.00000000000000000e+00,0.00000000000000000e+00,0.00000000000000000e+00,0.00000000000000000e+00
coarse_vs_tight,2464122.500000000,10,Sun,0.00000000000000000e+00,0.00000000000000000e+00,0.00000000000000000e+00,0.00000000000000000e+00
coarse_vs_tight,2464487.750000000,1,Mercury Barycenter,4.42144228736536146e-15,6.61438351612795541e-07,2.71596777561694054e-16,4.70258097363552878e-10
coarse_vs_tight,2464487.750000000,2,Venus Barycenter,4.66268887920059227e-15,6.97528328064978064e-07,1.30669708284698051e-16,2.26248959772927976e-10
coarse_vs_tight,2464487.750000000,3,Earth-Moon Barycenter,2.27528013451374588e-15,3.40377063369265940e-07,3.90625870484200657e-17,6.76351834082990677e-11
coarse_vs_tight,2464487.750000000,4,Mars Barycenter,2.22044604925031308e-16,3.32174000972074142e-08,1.93947980722443212e-18,3.35812557206506405e-12
coarse_vs_tight,2464487.750000000,5,Jupiter Barycenter,0.00000000000000000e+00,0.00000000000000000e+00,0.00000000000000000e+00,0.00000000000000000e+00
coarse_vs_tight,2464487.750000000,6,Saturn Barycenter,0.00000000000000000e+00,0.00000000000000000e+00,0.00000000000000000e+00,0.00000000000000000e+00
coarse_vs_tight,2464487.750000000,7,Uranus Barycenter,0.00000000000000000e+00,0.00000000000000000e+00,0.00000000000000000e+00,0.00000000000000000e+00
coarse_vs_tight,2464487.750000000,8,Neptune Barycenter,0.00000000000000000e+00,0.00000000000000000e+00,0.00000000000000000e+00,0.00000000000000000e+00
coarse_vs_tight,2464487.750000000,9,Pluto Barycenter,0.00000000000000000e+00,0.00000000000000000e+00,0.00000000000000000e+00,0.00000000000000000e+00
coarse_vs_tight,2464487.750000000,10,Sun,0.00000000000000000e+00,0.00000000000000000e+00,0.00000000000000000e+00,0.00000000000000000e+00
coarse_vs_tight,2464853.000000000,1,Mercury Barycenter,3.56029500490886763e-15,5.32612551798212607e-07,2.52436540609541430e-16,4.37082974097933663e-10
coarse_vs_tight,2464853.000000000,2,Venus Barycenter,5.44506460281871216e-15,8.14570070405620530e-07,1.51087997787562402e-16,2.61602346728537570e-10
coarse_vs_tight,2464853.000000000,3,Earth-Moon Barycenter,2.37549462997806003e-15,3.55368938504002124e-07,4.04068636931663411e-17,6.99627403954030361e-11
coarse_vs_tight,2464853.000000000,4,Mars Barycenter,0.00000000000000000e+00,0.00000000000000000e+00,8.67361737988403547e-19,1.50179941122357023e-12
coarse_vs_tight,2464853.000000000,5,Jupiter Barycenter,4.44089209850062616e-16,6.64348001944148283e-08,0.00000000000000000e+00,0.00000000000000000e+00
coarse_vs_tight,2464853.000000000,6,Saturn Barycenter,0.00000000000000000e+00,0.00000000000000000e+00,0.00000000000000000e+00,0.00000000000000000e+00
coarse_vs_tight,2464853.000000000,7,Uranus Barycenter,0.00000000000000000e+00,0.00000000000000000e+00,0.00000000000000000e+00,0.00000000000000000e+00
coarse_vs_tight,2464853.000000000,8,Neptune Barycenter,0.00000000000000000e+00,0.00000000000000000e+00,0.00000000000000000e+00,0.00000000000000000e+00
coarse_vs_tight,2464853.000000000,9,Pluto Barycenter,0.00000000000000000e+00,0.00000000000000000e+00,0.00000000000000000e+00,0.00000000000000000e+00
coarse_vs_tight,2464853.000000000,10,Sun,0.00000000000000000e+00,0.00000000000000000e+00,0.00000000000000000e+00,0.00000000000000000e+00
tight_jx_vs_horizons_de441,2461200.500000000,1,Mercury Barycenter,0.00000000000000000e+00,0.00000000000000000e+00,0.00000000000000000e+00,0.00000000000000000e+00
tight_jx_vs_horizons_de441,2461200.500000000,2,Venus Barycenter,0.00000000000000000e+00,0.00000000000000000e+00,0.00000000000000000e+00,0.00000000000000000e+00
tight_jx_vs_horizons_de441,2461200.500000000,3,Earth-Moon Barycenter,0.00000000000000000e+00,0.00000000000000000e+00,0.00000000000000000e+00,0.00000000000000000e+00
tight_jx_vs_horizons_de441,2461200.500000000,4,Mars Barycenter,0.00000000000000000e+00,0.00000000000000000e+00,0.00000000000000000e+00,0.00000000000000000e+00
tight_jx_vs_horizons_de441,2461200.500000000,5,Jupiter Barycenter,0.00000000000000000e+00,0.00000000000000000e+00,0.00000000000000000e+00,0.00000000000000000e+00
tight_jx_vs_horizons_de441,2461200.500000000,6,Saturn Barycenter,0.00000000000000000e+00,0.00000000000000000e+00,0.00000000000000000e+00,0.00000000000000000e+00
tight_jx_vs_horizons_de441,2461200.500000000,7,Uranus Barycenter,0.00000000000000000e+00,0.00000000000000000e+00,0.00000000000000000e+00,0.00000000000000000e+00
tight_jx_vs_horizons_de441,2461200.500000000,8,Neptune Barycenter,0.00000000000000000e+00,0.00000000000000000e+00,0.00000000000000000e+00,0.00000000000000000e+00
tight_jx_vs_horizons_de441,2461200.500000000,9,Pluto Barycenter,0.00000000000000000e+00,0.00000000000000000e+00,0.00000000000000000e+00,0.00000000000000000e+00
tight_jx_vs_horizons_de441,2461200.500000000,10,Sun,0.00000000000000000e+00,0.00000000000000000e+00,0.00000000000000000e+00,0.00000000000000000e+00
tight_jx_vs_horizons_de441,2461565.750000000,1,Mercury Barycenter,8.19586015857278386e-07,1.22608322827745269e+02,6.21063834348764561e-08,1.07534522207584138e-01
tight_jx_vs_horizons_de441,2461565.750000000,2,Venus Barycenter,6.60849494508579819e-07,9.88616772316548804e+01,1.78869763705060538e-08,3.09705275264921288e-02
tight_jx_vs_horizons_de441,2461565.750000000,3,Earth-Moon Barycenter,4.37964196939840031e-07,6.55185113050355170e+01,7.35595672220698050e-09,1.27365215579110600e-02
tight_jx_vs_horizons_de441,2461565.750000000,4,Mars Barycenter,2.65018098663253118e-07,3.96461432569851766e+01,2.26322668741148240e-09,3.91867932115940072e-03
tight_jx_vs_horizons_de441,2461565.750000000,5,Jupiter Barycenter,2.16369936707652097e-09,3.23684818149585218e-01,1.01807739082949283e-11,1.76275705874888673e-05
tight_jx_vs_horizons_de441,2461565.750000000,6,Saturn Barycenter,1.33098828740184245e-09,1.99113013721955251e-01,7.80820521779700854e-12,1.35195703075354401e-05
tight_jx_vs_horizons_de441,2461565.750000000,7,Uranus Barycenter,1.26170506388038976e-09,1.88748391007913768e-01,7.01362258636671373e-12,1.21437847779385081e-05
tight_jx_vs_horizons_de441,2461565.750000000,8,Neptune Barycenter,1.37883466176303038e-09,2.06270729447104034e-01,8.18307929658309774e-12,1.41686485941908002e-05
tight_jx_vs_horizons_de441,2461565.750000000,9,Pluto Barycenter,2.11439058480236525e-09,3.16308329314561598e-01,1.20125494719664070e-11,2.07992109107012016e-05
tight_jx_vs_horizons_de441,2461565.750000000,10,Sun,0.00000000000000000e+00,0.00000000000000000e+00,0.00000000000000000e+00,0.00000000000000000e+00
tight_jx_vs_horizons_de441,2461931.000000000,1,Mercury Barycenter,1.54675083309941478e-06,2.31390631135123527e+02,1.18721210902694290e-07,2.05560652291304297e-01
tight_jx_vs_horizons_de441,2461931.000000000,2,Venus Barycenter,1.16189311037892108e-06,1.73816735293686662e+02,3.32580581223003785e-08,5.75848921147335269e-02
tight_jx_vs_horizons_de441,2461931.000000000,3,Earth-Moon Barycenter,8.75955816025404933e-07,1.31041124904681510e+02,1.46638095825466863e-08,2.53897533553152782e-02
tight_jx_vs_horizons_de441,2461931.000000000,4,Mars Barycenter,4.98636118873765013e-07,7.45949016376273164e+01,4.83361428159567137e-09,8.36919449434979888e-03
tight_jx_vs_horizons_de441,2461931.000000000,5,Jupiter Barycenter,7.07459472840221198e-09,1.05834430743441565e+00,1.84418406208139346e-11,3.19312510261866975e-05
tight_jx_vs_horizons_de441,2461931.000000000,6,Saturn Barycenter,5.32491454738632989e-09,7.96595877948449105e-01,1.57601922968300696e-11,2.72880927017166714e-05
tight_jx_vs_horizons_de441,2461931.000000000,7,Uranus Barycenter,4.45495022355900864e-09,6.66451067518916584e-01,1.22037222738777289e-11,2.11302183655818347e-05
tight_jx_vs_horizons_de441,2461931.000000000,8,Neptune Barycenter,5.65403297163184285e-09,8.45831293423717101e-01,1.65018897873805131e-11,2.85723098925717581e-05
tight_jx_vs_horizons_de441,2461931.000000000,9,Pluto Barycenter,8.18435738994021036e-09,1.22436243858286486e+00,2.11889506538902563e-11,3.66877534744138324e-05
tight_jx_vs_horizons_de441,2461931.000000000,10,Sun,0.00000000000000000e+00,0.00000000000000000e+00,0.00000000000000000e+00,0.00000000000000000e+00
tight_jx_vs_horizons_de441,2462296.250000000,1,Mercury Barycenter,3.26607562630442390e-06,4.88597959240310672e+02,2.30380213317510863e-07,3.98893395413326413e-01
tight_jx_vs_horizons_de441,2462296.250000000,2,Venus Barycenter,1.91615054915791409e-06,2.86652042094659578e+02,5.31812265745181397e-08,9.20809983421547185e-02
tight_jx_vs_horizons_de441,2462296.250000000,3,Earth-Moon Barycenter,1.31440655876642605e-06,1.96632422425571747e+02,2.17366293943923828e-08,3.76360355740292946e-02
tight_jx_vs_horizons_de441,2462296.250000000,4,Mars Barycenter,7.66448721054512926e-07,1.14659096670493383e+02,6.68143371678245372e-09,1.15686140885861329e-02
tight_jx_vs_horizons_de441,2462296.250000000,5,Jupiter Barycenter,1.76716332264044024e-08,2.64363870246146959e+00,4.26290946660087801e-11,7.38104374062921350e-05
tight_jx_vs_horizons_de441,2462296.250000000,6,Saturn Barycenter,1.05503300066349426e-08,1.57830690417490405e+00,1.91701726702902537e-11,3.31923265327170675e-05
tight_jx_vs_horizons_de441,2462296.250000000,7,Uranus Barycenter,7.80927855607065628e-09,1.16825144369134071e+00,1.29737032430993817e-11,2.24634071789508296e-05
tight_jx_vs_horizons_de441,2462296.250000000,8,Neptune Barycenter,1.12892615945614463e-08,1.68884949632167891e+00,1.88270017369351546e-11,3.25981408739664451e-05
tight_jx_vs_horizons_de441,2462296.250000000,9,Pluto Barycenter,1.55850130304185193e-08,2.33148476418236461e+00,2.13145415183967519e-11,3.69052086354039225e-05
tight_jx_vs_horizons_de441,2462296.250000000,10,Sun,0.00000000000000000e+00,0.00000000000000000e+00,0.00000000000000000e+00,0.00000000000000000e+00
tight_jx_vs_horizons_de441,2462661.500000000,1,Mercury Barycenter,6.57454970003654586e-06,9.83538635936790911e+02,4.98944997056297371e-07,8.63901726343053844e-01
tight_jx_vs_horizons_de441,2462661.500000000,2,Venus Barycenter,2.44208128044367686e-06,3.65330159630703577e+02,6.81033929005409486e-08,1.17918085247296550e-01
tight_jx_vs_horizons_de441,2462661.500000000,3,Earth-Moon Barycenter,1.75230973139204282e-06,2.62141804623138512e+02,2.92039650214431123e-08,5.05654048982079676e-02
tight_jx_vs_horizons_de441,2462661.500000000,4,Mars Barycenter,9.35423335696012289e-07,1.39937339223214735e+02,8.83788976009285571e-09,1.53024246480465854e-02
tight_jx_vs_horizons_de441,2462661.500000000,5,Jupiter Barycenter,3.90208658392168076e-08,5.83743844241720211e+00,8.03816904420429842e-11,1.39177427469863095e-04
tight_jx_vs_horizons_de441,2462661.500000000,6,Saturn Barycenter,1.52744038411304753e-08,2.28501829084502006e+00,1.79672680776270490e-11,3.11095491517255609e-05
tight_jx_vs_horizons_de441,2462661.500000000,7,Uranus Barycenter,9.80259700090479240e-09,1.46644763866556271e+00,9.62305623874811401e-12,1.66619065155447740e-05
tight_jx_vs_horizons_de441,2462661.500000000,8,Neptune Barycenter,1.62449685611293247e-08,2.43021270633338959e+00,1.48106658992673942e-11,2.56440287289294328e-05
tight_jx_vs_horizons_de441,2462661.500000000,9,Pluto Barycenter,2.23028119031347292e-08,3.33645317133156993e+00,1.86400266532782272e-11,3.22744015870563637e-05
tight_jx_vs_horizons_de441,2462661.500000000,10,Sun,0.00000000000000000e+00,0.00000000000000000e+00,0.00000000000000000e+00,0.00000000000000000e+00
tight_jx_vs_horizons_de441,2463026.750000000,1,Mercury Barycenter,1.00224667129587309e-05,1.49933967942025401e+03,8.58452767756144823e-07,1.48637391380602857e+00
tight_jx_vs_horizons_de441,2463026.750000000,2,Venus Barycenter,3.03986879673735086e-06,4.54757899199278768e+02,8.56296069728106364e-08,1.48263968426045639e-01
tight_jx_vs_horizons_de441,2463026.750000000,3,Earth-Moon Barycenter,2.19097085860628567e-06,3.27764575213251078e+02,3.65037816114425916e-08,6.32047222403891856e-02
tight_jx_vs_horizons_de441,2463026.750000000,4,Mars Barycenter,1.33185390584386132e-06,1.99242508397719917e+02,1.19128560478279380e-08,2.06265960498920944e-02
tight_jx_vs_horizons_de441,2463026.750000000,5,Jupiter Barycenter,7.21268161552107826e-08,1.07900181171898932e+01,1.27429119588531078e-10,2.20638020319674841e-04
tight_jx_vs_horizons_de441,2463026.750000000,6,Saturn Barycenter,1.87317897200011373e-08,2.80223585651231932e+00,1.24218204239949795e-11,2.15078458986969908e-05
tight_jx_vs_horizons_de441,2463026.750000000,7,Uranus Barycenter,9.94827401029006773e-09,1.48824060907954392e+00,2.48980128826151597e-12,4.31098346284768118e-06
tight_jx_vs_horizons_de441,2463026.750000000,8,Neptune Barycenter,1.99740685962118232e-08,2.98807813120902654e+00,1.02938132438363331e-11,1.78232933178399927e-05
tight_jx_vs_horizons_de441,2463026.750000000,9,Pluto Barycenter,2.96273331477753878e-08,4.43218595342672650e+00,2.58388433570960635e-11,4.47388419857917889e-05
tight_jx_vs_horizons_de441,2463026.750000000,10,Sun,0.00000000000000000e+00,0.00000000000000000e+00,0.00000000000000000e+00,0.00000000000000000e+00
tight_jx_vs_horizons_de441,2463392.000000000,1,Mercury Barycenter,9.55457644699653116e-06,1.42934429191105232e+03,7.15579675920980239e-07,1.23899532215248476e+00
tight_jx_vs_horizons_de441,2463392.000000000,2,Venus Barycenter,3.79003217221674467e-06,5.66980742848120713e+02,1.05390154009187960e-07,1.82478502691198918e-01
tight_jx_vs_horizons_de441,2463392.000000000,3,Earth-Moon Barycenter,2.62951693305555636e-06,3.93370134154705624e+02,4.37404518402336365e-08,7.57347043837366535e-02
tight_jx_vs_horizons_de441,2463392.000000000,4,Mars Barycenter,1.32944452812127446e-06,1.98882070620708902e+02,1.22645373850512771e-08,2.12355171056043610e-02
tight_jx_vs_horizons_de441,2463392.000000000,5,Jupiter Barycenter,1.13675574507276579e-07,1.70056238968877764e+01,1.78383304148307852e-10,3.08862991539552421e-04
tight_jx_vs_horizons_de441,2463392.000000000,6,Saturn Barycenter,2.23258778619587478e-08,3.33990378965729695e+00,1.44917472340210633e-11,2.50918348256037715e-05
tight_jx_vs_horizons_de441,2463392.000000000,7,Uranus Barycenter,1.04993326246881339e-08,1.57067780442438698e+00,7.15033582445592762e-12,1.23804978487099061e-05
tight_jx_vs_horizons_de441,2463392.000000000,8,Neptune Barycenter,2.53558986803000929e-08,3.79318845225783363e+00,2.11829393892034693e-11,3.66773452290740417e-05
tight_jx_vs_horizons_de441,2463392.000000000,9,Pluto Barycenter,4.13270433304010703e-08,6.18243768455463627e+00,3.92614203887608979e-11,6.79794547548170762e-05
tight_jx_vs_horizons_de441,2463392.000000000,10,Sun,0.00000000000000000e+00,0.00000000000000000e+00,0.00000000000000000e+00,0.00000000000000000e+00
tight_jx_vs_horizons_de441,2463757.250000000,1,Mercury Barycenter,7.33712765514352769e-06,1.09761867426355548e+03,5.18185089397664905e-07,8.97215115768284721e-01
tight_jx_vs_horizons_de441,2463757.250000000,2,Venus Barycenter,4.21380304881755900e-06,6.30375963652274891e+02,1.18031838893515987e-07,2.04367034412910153e-01
tight_jx_vs_horizons_de441,2463757.250000000,3,Earth-Moon Barycenter,3.06639377827674987e-06,4.58725979957929667e+02,5.08388326906400815e-08,8.80252444374225312e-02
tight_jx_vs_horizons_de441,2463757.250000000,4,Mars Barycenter,1.95268341071017203e-06,2.92117280393455303e+02,1.80397108038914366e-08,3.12349806053928702e-02
tight_jx_vs_horizons_de441,2463757.250000000,5,Jupiter Barycenter,1.56570534222657575e-07,2.34226185340710522e+01,2.27443325329128747e-10,3.93808300626910133e-04
tight_jx_vs_horizons_de441,2463757.250000000,6,Saturn Barycenter,2.90377624820835827e-08,4.34398743721205083e+00,2.53523797268908716e-11,4.38965512074157650e-05
tight_jx_vs_horizons_de441,2463757.250000000,7,Uranus Barycenter,1.44674021955068994e-08,2.16429256300833694e+00,1.39824506981907452e-11,2.42100098566789804e-05
tight_jx_vs_horizons_de441,2463757.250000000,8,Neptune Barycenter,3.50266234445750450e-08,5.23990828511912543e+00,3.01917501887243297e-11,5.22757122793921552e-05
tight_jx_vs_horizons_de441,2463757.250000000,9,Pluto Barycenter,5.68458652726311247e-08,8.50402040288468974e+00,4.38758306215646551e-11,7.59691069002306691e-05
tight_jx_vs_horizons_de441,2463757.250000000,10,Sun,0.00000000000000000e+00,0.00000000000000000e+00,0.00000000000000000e+00,0.00000000000000000e+00
tight_jx_vs_horizons_de441,2464122.500000000,1,Mercury Barycenter,6.16127679731699043e-06,9.21713889671937181e+02,4.70124689283575400e-07,8.14000607411134003e-01
tight_jx_vs_horizons_de441,2464122.500000000,2,Venus Barycenter,4.97779397272870558e-06,7.44667379103508210e+02,1.39578237022973407e-07,2.41673692762693598e-01
tight_jx_vs_horizons_de441,2464122.500000000,3,Earth-Moon Barycenter,3.50307192877772087e-06,5.24052101454089097e+02,5.83343451346281038e-08,1.01003400703926716e-01
tight_jx_vs_horizons_de441,2464122.500000000,4,Mars Barycenter,1.70562494745291635e-06,2.55157860351755659e+02,1.54578633623892801e-08,2.67646232012150320e-02
tight_jx_vs_horizons_de441,2464122.500000000,5,Jupiter Barycenter,1.93513171939591049e-07,2.89491584745658059e+01,2.68487036211346446e-10,4.64873714441796555e-04
tight_jx_vs_horizons_de441,2464122.500000000,6,Saturn Barycenter,3.71683808916056352e-08,5.56031063875076992e+00,3.09988735865668959e-11,5.36732116047323996e-05
tight_jx_vs_horizons_de441,2464122.500000000,7,Uranus Barycenter,1.88067106591639093e-08,2.81344386948191394e+00,1.40840383152534234e-11,2.43859044307769358e-05
tight_jx_vs_horizons_de441,2464122.500000000,8,Neptune Barycenter,4.55989189766055398e-08,6.82150118512201153e+00,2.93339290755319008e-11,5.07904320481989750e-05
tight_jx_vs_horizons_de441,2464122.500000000,9,Pluto Barycenter,7.23095788565840591e-08,1.08173590281587142e+01,4.24127339134796030e-11,7.34358181021091053e-05
tight_jx_vs_horizons_de441,2464122.500000000,10,Sun,0.00000000000000000e+00,0.00000000000000000e+00,0.00000000000000000e+00,0.00000000000000000e+00
tight_jx_vs_horizons_de441,2464487.750000000,1,Mercury Barycenter,7.81611447594692153e-06,1.16927408274910567e+03,5.72572962949374640e-07,9.91385371268708515e-01
tight_jx_vs_horizons_de441,2464487.750000000,2,Venus Barycenter,5.58502900099172910e-06,8.35508446346110759e+02,1.55530569469925531e-07,2.69294467840963947e-01
tight_jx_vs_horizons_de441,2464487.750000000,3,Earth-Moon Barycenter,3.94206121062224779e-06,5.89723963278152496e+02,6.56375679815987417e-08,1.13648615833028571e-01
tight_jx_vs_horizons_de441,2464487.750000000,4,Mars Barycenter,2.62189387868458290e-06,3.92229741452577684e+02,2.49751075738016397e-08,4.32433207586130561e-02
tight_jx_vs_horizons_de441,2464487.750000000,5,Jupiter Barycenter,2.18134471860256297e-07,3.26324525165634043e+01,2.90704581919150808e-10,5.03342435854614383e-04
tight_jx_vs_horizons_de441,2464487.750000000,6,Saturn Barycenter,4.41973287533445328e-08,6.61182627212822727e+00,3.23546890478124377e-11,5.60207475545526729e-05
tight_jx_vs_horizons_de441,2464487.750000000,7,Uranus Barycenter,2.15677669968172474e-08,3.22649201847759359e+00,1.12070355837576339e-11,1.94044983818202924e-05
tight_jx_vs_horizons_de441,2464487.750000000,8,Neptune Barycenter,5.51420022030097288e-08,8.24912611570496423e+00,2.66783473309792817e-11,4.61924068808973226e-05
tight_jx_vs_horizons_de441,2464487.750000000,9,Pluto Barycenter,8.79306499254279829e-08,1.31542379981111388e+01,4.55878657686035812e-11,7.89334218604226099e-05
tight_jx_vs_horizons_de441,2464487.750000000,10,Sun,0.00000000000000000e+00,0.00000000000000000e+00,0.00000000000000000e+00,0.00000000000000000e+00
tight_jx_vs_horizons_de441,2464853.000000000,1,Mercury Barycenter,1.29723824168782735e-05,1.94064078747110921e+03,9.19263839910461359e-07,1.59166566044109592e+00
tight_jx_vs_horizons_de441,2464853.000000000,2,Venus Barycenter,6.04693101805664887e-06,9.04608004571057904e+02,1.69532679304812655e-07,2.93538516644281544e-01
tight_jx_vs_horizons_de441,2464853.000000000,3,Earth-Moon Barycenter,4.37913523500117584e-06,6.55109306663519988e+02,7.28167470431645259e-08,1.26079054501827936e-01
tight_jx_vs_horizons_de441,2464853.000000000,4,Mars Barycenter,2.07842142338807129e-06,3.10927419356118605e+02,1.86548217455342628e-08,3.23000186506942483e-02
tight_jx_vs_horizons_de441,2464853.000000000,5,Jupiter Barycenter,2.24611011230276242e-07,3.36013290158231115e+01,2.94575617649151934e-10,5.10044967134843318e-04
tight_jx_vs_horizons_de441,2464853.000000000,6,Saturn Barycenter,4.93372739691496125e-08,7.38075113192731891e+00,2.96508896112022862e-11,5.13392355346830228e-05
tight_jx_vs_horizons_de441,2464853.000000000,7,Uranus Barycenter,2.29378280185294295e-08,3.43145023005480265e+00,5.42477607827708440e-12,9.39276562887208683e-06
tight_jx_vs_horizons_de441,2464853.000000000,8,Neptune Barycenter,6.44467346373288936e-08,9.64109427531233898e+00,2.76808595983190949e-11,4.79282136001642751e-05
tight_jx_vs_horizons_de441,2464853.000000000,9,Pluto Barycenter,1.05740772010960924e-07,1.58185943390139094e+01,5.46462594646515763e-11,9.46176395559212625e-05
tight_jx_vs_horizons_de441,2464853.000000000,10,Sun,0.00000000000000000e+00,0.00000000000000000e+00,0.00000000000000000e+00,0.00000000000000000e+00
